Date,Basis
2008-01-01,766
2008-01-02,970
2008-01-03,1350
2008-01-04,1888
2008-01-05,1888
2008-01-06,1888
2008-01-07,1784
2008-01-08,1800
2008-01-09,1716
2008-01-10,1654
2008-01-11,1380
2008-01-12,1380
2008-01-13,1380
2008-01-14,1560
2008-01-15,1818
2008-01-16,1920
2008-01-17,1986
2008-01-18,2160
2008-01-19,2160
2008-01-20,2160
2008-01-21,2160
2008-01-22,2150
2008-01-23,2060
2008-01-24,1980
2008-01-25,1850
2008-01-26,1850
2008-01-27,1850
2008-01-28,1820
2008-01-29,1754
2008-01-30,1784
2008-01-31,1630
2008-02-01,1550
2008-02-02,1550
2008-02-03,1550
2008-02-04,1330
2008-02-05,1330
2008-02-06,1330
2008-02-07,1330
2008-02-08,1330
2008-02-09,1330
2008-02-10,1330
2008-02-11,1330
2008-02-12,1330
2008-02-13,1088
2008-02-14,844
2008-02-15,710
2008-02-16,710
2008-02-17,710
2008-02-18,810
2008-02-19,600
2008-02-20,502
2008-02-21,336
2008-02-22,70
2008-02-23,70
2008-02-24,70
2008-02-25,-22
2008-02-26,198
2008-02-27,-198
2008-02-28,118
2008-02-29,-80
2008-03-01,-80
2008-03-02,-80
2008-03-03,512
2008-03-04,1510
2008-03-05,1858
2008-03-06,1624
2008-03-07,1934
2008-03-08,1934
2008-03-09,1934
2008-03-10,1158
2008-03-11,754
2008-03-12,1180
2008-03-13,890
2008-03-14,962
2008-03-15,962
2008-03-16,962
2008-03-17,1422
2008-03-18,1706
2008-03-19,1750
2008-03-20,1492
2008-03-21,1492
2008-03-22,1492
2008-03-23,1492
2008-03-24,1104
2008-03-25,1240
2008-03-26,1436
2008-03-27,1900
2008-03-28,2052
2008-03-29,2052
2008-03-30,2052
2008-03-31,1416
2008-04-01,1668
2008-04-02,2108
2008-04-03,1960
2008-04-04,1960
2008-04-05,1960
2008-04-06,1960
2008-04-07,1558
2008-04-08,1850
2008-04-09,1806
2008-04-10,1660
2008-04-11,1644
2008-04-12,1644
2008-04-13,1644
2008-04-14,1290
2008-04-15,940
2008-04-16,956
2008-04-17,852
2008-04-18,864
2008-04-19,864
2008-04-20,864
2008-04-21,1206
2008-04-22,1418
2008-04-23,1044
2008-04-24,834
2008-04-25,1120
2008-04-26,1120
2008-04-27,1120
2008-04-28,922
2008-04-29,1146
2008-04-30,1094
2008-05-01,1094
2008-05-02,1094
2008-05-03,1094
2008-05-04,1094
2008-05-05,1032
2008-05-06,856
2008-05-07,828
2008-05-08,484
2008-05-09,558
2008-05-10,558
2008-05-11,558
2008-05-12,44
2008-05-13,74
2008-05-14,-30
2008-05-15,274
2008-05-16,334
2008-05-17,334
2008-05-18,334
2008-05-19,346
2008-05-20,364
2008-05-21,402
2008-05-22,204
2008-05-23,280
2008-05-24,280
2008-05-25,280
2008-05-26,280
2008-05-27,-238
2008-05-28,-126
2008-05-29,-170
2008-05-30,112
2008-05-31,112
2008-06-01,112
2008-06-02,328
2008-06-03,278
2008-06-04,318
2008-06-05,268
2008-06-06,110
2008-06-07,110
2008-06-08,110
2008-06-09,110
2008-06-10,-54
2008-06-11,-290
2008-06-12,-240
2008-06-13,-262
2008-06-14,-262
2008-06-15,-262
2008-06-16,-274
2008-06-17,24
2008-06-18,-12
2008-06-19,10
2008-06-20,56
2008-06-21,56
2008-06-22,56
2008-06-23,144
2008-06-24,198
2008-06-25,122
2008-06-26,94
2008-06-27,42
2008-06-28,42
2008-06-29,42
2008-06-30,-40
2008-07-01,-158
2008-07-02,-160
2008-07-03,56
2008-07-04,156
2008-07-05,156
2008-07-06,156
2008-07-07,206
2008-07-08,294
2008-07-09,220
2008-07-10,254
2008-07-11,110
2008-07-12,110
2008-07-13,110
2008-07-14,244
2008-07-15,254
2008-07-16,320
2008-07-17,110
2008-07-18,282
2008-07-19,282
2008-07-20,282
2008-07-21,716
2008-07-22,826
2008-07-23,1220
2008-07-24,1190
2008-07-25,1170
2008-07-26,1170
2008-07-27,1170
2008-07-28,1058
2008-07-29,1248
2008-07-30,1082
2008-07-31,794
2008-08-01,1070
2008-08-02,1070
2008-08-03,1070
2008-08-04,1328
2008-08-05,1726
2008-08-06,1530
2008-08-07,1400
2008-08-08,1400
2008-08-09,1400
2008-08-10,1400
2008-08-11,1532
2008-08-12,1498
2008-08-13,1260
2008-08-14,990
2008-08-15,1328
2008-08-16,1328
2008-08-17,1328
2008-08-18,1000
2008-08-19,800
2008-08-20,400
2008-08-21,640
2008-08-22,684
2008-08-23,684
2008-08-24,684
2008-08-25,842
2008-08-26,1080
2008-08-27,1240
2008-08-28,1260
2008-08-29,1150
2008-08-30,1150
2008-08-31,1150
2008-09-01,1150
2008-09-02,1300
2008-09-03,1398
2008-09-04,1250
2008-09-05,1600
2008-09-06,1600
2008-09-07,1600
2008-09-08,1600
2008-09-09,1480
2008-09-10,1300
2008-09-11,950
2008-09-12,750
2008-09-13,750
2008-09-14,750
2008-09-15,750
2008-09-16,900
2008-09-17,900
2008-09-18,900
2008-09-19,700
2008-09-20,700
2008-09-21,700
2008-09-22,1070
2008-09-23,1100
2008-09-24,900
2008-09-25,900
2008-09-26,726
2008-09-27,726
2008-09-28,726
2008-09-29,726
2008-09-30,726
2008-10-01,726
2008-10-02,726
2008-10-03,726
2008-10-04,726
2008-10-05,726
2008-10-06,900
2008-10-07,600
2008-10-08,612
2008-10-09,1012
2008-10-10,1382
2008-10-11,1382
2008-10-12,1382
2008-10-13,1444
2008-10-14,968
2008-10-15,1346
2008-10-16,1474
2008-10-17,1154
2008-10-18,1154
2008-10-19,1154
2008-10-20,1048
2008-10-21,1400
2008-10-22,1240
2008-10-23,1298
2008-10-24,1250
2008-10-25,1250
2008-10-26,1250
2008-10-27,1174
2008-10-28,894
2008-10-29,772
2008-10-30,900
2008-10-31,1004
2008-11-01,1004
2008-11-02,1004
2008-11-03,1102
2008-11-04,1100
2008-11-05,1200
2008-11-06,1202
2008-11-07,866
2008-11-08,866
2008-11-09,866
2008-11-10,620
2008-11-11,770
2008-11-12,856
2008-11-13,878
2008-11-14,710
2008-11-15,710
2008-11-16,710
2008-11-17,692
2008-11-18,700
2008-11-19,650
2008-11-20,872
2008-11-21,730
2008-11-22,730
2008-11-23,730
2008-11-24,734
2008-11-25,570
2008-11-26,600
2008-11-27,600
2008-11-28,550
2008-11-29,550
2008-11-30,550
2008-12-01,500
2008-12-02,744
2008-12-03,708
2008-12-04,720
2008-12-05,1028
2008-12-06,1028
2008-12-07,1028
2008-12-08,878
2008-12-09,880
2008-12-10,764
2008-12-11,744
2008-12-12,880
2008-12-13,880
2008-12-14,880
2008-12-15,630
2008-12-16,808
2008-12-17,760
2008-12-18,816
2008-12-19,772
2008-12-20,772
2008-12-21,772
2008-12-22,608
2008-12-23,728
2008-12-24,880
2008-12-25,1030
2008-12-26,984
2008-12-27,984
2008-12-28,984
2008-12-29,784
2008-12-30,848
2008-12-31,860
2009-01-01,860
2009-01-02,860
2009-01-03,860
2009-01-04,860
2009-01-05,836
2009-01-06,698
2009-01-07,734
2009-01-08,820
2009-01-09,728
2009-01-10,728
2009-01-11,728
2009-01-12,580
2009-01-13,972
2009-01-14,840
2009-01-15,952
2009-01-16,920
2009-01-17,920
2009-01-18,920
2009-01-19,920
2009-01-20,986
2009-01-21,990
2009-01-22,1002
2009-01-23,972
2009-01-24,972
2009-01-25,972
2009-01-26,972
2009-01-27,972
2009-01-28,972
2009-01-29,972
2009-01-30,972
2009-01-31,972
2009-02-01,972
2009-02-02,984
2009-02-03,820
2009-02-04,760
2009-02-05,804
2009-02-06,728
2009-02-07,728
2009-02-08,728
2009-02-09,490
2009-02-10,510
2009-02-11,702
2009-02-12,692
2009-02-13,614
2009-02-14,614
2009-02-15,614
2009-02-16,614
2009-02-17,890
2009-02-18,990
2009-02-19,1136
2009-02-20,1000
2009-02-21,1000
2009-02-22,1000
2009-02-23,894
2009-02-24,1094
2009-02-25,1010
2009-02-26,1054
2009-02-27,1058
2009-02-28,1058
2009-03-01,1058
2009-03-02,1042
2009-03-03,1036
2009-03-04,994
2009-03-05,1014
2009-03-06,790
2009-03-07,790
2009-03-08,790
2009-03-09,748
2009-03-10,690
2009-03-11,744
2009-03-12,566
2009-03-13,570
2009-03-14,570
2009-03-15,570
2009-03-16,554
2009-03-17,500
2009-03-18,518
2009-03-19,384
2009-03-20,426
2009-03-21,426
2009-03-22,426
2009-03-23,334
2009-03-24,478
2009-03-25,576
2009-03-26,508
2009-03-27,596
2009-03-28,596
2009-03-29,596
2009-03-30,564
2009-03-31,528
2009-04-01,460
2009-04-02,378
2009-04-03,286
2009-04-04,286
2009-04-05,286
2009-04-06,286
2009-04-07,280
2009-04-08,470
2009-04-09,364
2009-04-10,364
2009-04-11,364
2009-04-12,364
2009-04-13,180
2009-04-14,150
2009-04-15,-8
2009-04-16,-52
2009-04-17,-24
2009-04-18,-24
2009-04-19,-24
2009-04-20,54
2009-04-21,366
2009-04-22,294
2009-04-23,-62
2009-04-24,12
2009-04-25,12
2009-04-26,12
2009-04-27,292
2009-04-28,222
2009-04-29,154
2009-04-30,-18
2009-05-01,-18
2009-05-02,-18
2009-05-03,-18
2009-05-04,-260
2009-05-05,-52
2009-05-06,-256
2009-05-07,-86
2009-05-08,-248
2009-05-09,-248
2009-05-10,-248
2009-05-11,-106
2009-05-12,-270
2009-05-13,-312
2009-05-14,-140
2009-05-15,-94
2009-05-16,-94
2009-05-17,-94
2009-05-18,104
2009-05-19,-42
2009-05-20,116
2009-05-21,140
2009-05-22,74
2009-05-23,74
2009-05-24,74
2009-05-25,74
2009-05-26,164
2009-05-27,164
2009-05-28,164
2009-05-29,164
2009-05-30,164
2009-05-31,164
2009-06-01,54
2009-06-02,60
2009-06-03,6
2009-06-04,90
2009-06-05,20
2009-06-06,20
2009-06-07,20
2009-06-08,120
2009-06-09,92
2009-06-10,132
2009-06-11,184
2009-06-12,266
2009-06-13,266
2009-06-14,266
2009-06-15,322
2009-06-16,196
2009-06-17,206
2009-06-18,260
2009-06-19,272
2009-06-20,272
2009-06-21,272
2009-06-22,292
2009-06-23,250
2009-06-24,264
2009-06-25,202
2009-06-26,180
2009-06-27,180
2009-06-28,180
2009-06-29,308
2009-06-30,182
2009-07-01,116
2009-07-02,202
2009-07-03,202
2009-07-04,202
2009-07-05,202
2009-07-06,320
2009-07-07,206
2009-07-08,254
2009-07-09,230
2009-07-10,168
2009-07-11,168
2009-07-12,168
2009-07-13,194
2009-07-14,182
2009-07-15,124
2009-07-16,156
2009-07-17,176
2009-07-18,176
2009-07-19,176
2009-07-20,104
2009-07-21,146
2009-07-22,104
2009-07-23,90
2009-07-24,98
2009-07-25,98
2009-07-26,98
2009-07-27,100
2009-07-28,68
2009-07-29,82
2009-07-30,50
2009-07-31,-16
2009-08-01,-16
2009-08-02,-16
2009-08-03,30
2009-08-04,6
2009-08-05,-16
2009-08-06,120
2009-08-07,94
2009-08-08,94
2009-08-09,94
2009-08-10,-60
2009-08-11,-58
2009-08-12,38
2009-08-13,20
2009-08-14,128
2009-08-15,128
2009-08-16,128
2009-08-17,218
2009-08-18,100
2009-08-19,100
2009-08-20,72
2009-08-21,76
2009-08-22,76
2009-08-23,76
2009-08-24,120
2009-08-25,116
2009-08-26,110
2009-08-27,120
2009-08-28,100
2009-08-29,100
2009-08-30,100
2009-08-31,148
2009-09-01,134
2009-09-02,144
2009-09-03,50
2009-09-04,52
2009-09-05,52
2009-09-06,52
2009-09-07,52
2009-09-08,94
2009-09-09,90
2009-09-10,102
2009-09-11,120
2009-09-12,120
2009-09-13,120
2009-09-14,250
2009-09-15,150
2009-09-16,200
2009-09-17,2
2009-09-18,10
2009-09-19,10
2009-09-20,10
2009-09-21,50
2009-09-22,50
2009-09-23,50
2009-09-24,80
2009-09-25,300
2009-09-26,300
2009-09-27,300
2009-09-28,400
2009-09-29,210
2009-09-30,100
2009-10-01,100
2009-10-02,100
2009-10-03,100
2009-10-04,100
2009-10-05,100
2009-10-06,100
2009-10-07,100
2009-10-08,100
2009-10-09,150
2009-10-10,150
2009-10-11,150
2009-10-12,94
2009-10-13,130
2009-10-14,74
2009-10-15,120
2009-10-16,20
2009-10-17,20
2009-10-18,20
2009-10-19,-80
2009-10-20,-40
2009-10-21,-10
2009-10-22,-70
2009-10-23,-218
2009-10-24,-218
2009-10-25,-218
2009-10-26,-50
2009-10-27,40
2009-10-28,94
2009-10-29,152
2009-10-30,102
2009-10-31,102
2009-11-01,102
2009-11-02,2
2009-11-03,6
2009-11-04,-32
2009-11-05,-10
2009-11-06,-36
2009-11-07,-36
2009-11-08,-36
2009-11-09,-58
2009-11-10,-58
2009-11-11,-110
2009-11-12,-246
2009-11-13,-250
2009-11-14,-250
2009-11-15,-250
2009-11-16,-308
2009-11-17,-224
2009-11-18,-326
2009-11-19,-224
2009-11-20,-158
2009-11-21,-158
2009-11-22,-158
2009-11-23,-202
2009-11-24,-20
2009-11-25,-124
2009-11-26,-74
2009-11-27,170
2009-11-28,170
2009-11-29,170
2009-11-30,-54
2009-12-01,-64
2009-12-02,-126
2009-12-03,-100
2009-12-04,-156
2009-12-05,-156
2009-12-06,-156
2009-12-07,-292
2009-12-08,-298
2009-12-09,-126
2009-12-10,-72
2009-12-11,-48
2009-12-12,-48
2009-12-13,-48
2009-12-14,38
2009-12-15,36
2009-12-16,-32
2009-12-17,6
2009-12-18,114
2009-12-19,114
2009-12-20,114
2009-12-21,156
2009-12-22,194
2009-12-23,200
2009-12-24,156
2009-12-25,156
2009-12-26,156
2009-12-27,156
2009-12-28,90
2009-12-29,102
2009-12-30,118
2009-12-31,-16
2010-01-01,-16
2010-01-02,-16
2010-01-03,-16
2010-01-04,-74
2010-01-05,-78
2010-01-06,-158
2010-01-07,44
2010-01-08,104
2010-01-09,104
2010-01-10,104
2010-01-11,26
2010-01-12,122
2010-01-13,308
2010-01-14,266
2010-01-15,262
2010-01-16,262
2010-01-17,262
2010-01-18,262
2010-01-19,290
2010-01-20,420
2010-01-21,220
2010-01-22,230
2010-01-23,230
2010-01-24,230
2010-01-25,242
2010-01-26,238
2010-01-27,164
2010-01-28,268
2010-01-29,306
2010-01-30,306
2010-01-31,306
2010-02-01,358
2010-02-02,276
2010-02-03,122
2010-02-04,184
2010-02-05,182
2010-02-06,182
2010-02-07,182
2010-02-08,126
2010-02-09,126
2010-02-10,136
2010-02-11,104
2010-02-12,156
2010-02-13,156
2010-02-14,156
2010-02-15,156
2010-02-16,156
2010-02-17,156
2010-02-18,156
2010-02-19,156
2010-02-20,156
2010-02-21,156
2010-02-22,154
2010-02-23,60
2010-02-24,116
2010-02-25,126
2010-02-26,172
2010-02-27,172
2010-02-28,172
2010-03-01,106
2010-03-02,60
2010-03-03,40
2010-03-04,132
2010-03-05,82
2010-03-06,82
2010-03-07,82
2010-03-08,74
2010-03-09,22
2010-03-10,38
2010-03-11,80
2010-03-12,138
2010-03-13,138
2010-03-14,138
2010-03-15,210
2010-03-16,206
2010-03-17,160
2010-03-18,210
2010-03-19,128
2010-03-20,128
2010-03-21,128
2010-03-22,42
2010-03-23,16
2010-03-24,14
2010-03-25,4
2010-03-26,46
2010-03-27,46
2010-03-28,46
2010-03-29,38
2010-03-30,20
2010-03-31,88
2010-04-01,106
2010-04-02,-194
2010-04-03,-194
2010-04-04,-194
2010-04-05,-194
2010-04-06,-228
2010-04-07,-252
2010-04-08,-210
2010-04-09,-242
2010-04-10,-242
2010-04-11,-242
2010-04-12,-254
2010-04-13,-240
2010-04-14,-252
2010-04-15,-226
2010-04-16,-230
2010-04-17,-230
2010-04-18,-230
2010-04-19,-166
2010-04-20,-100
2010-04-21,-116
2010-04-22,-106
2010-04-23,-142
2010-04-24,-142
2010-04-25,-142
2010-04-26,-140
2010-04-27,-124
2010-04-28,-50
2010-04-29,-46
2010-04-30,-76
2010-05-01,-76
2010-05-02,-76
2010-05-03,-76
2010-05-04,-56
2010-05-05,-72
2010-05-06,-16
2010-05-07,64
2010-05-08,64
2010-05-09,64
2010-05-10,60
2010-05-11,90
2010-05-12,94
2010-05-13,116
2010-05-14,154
2010-05-15,154
2010-05-16,154
2010-05-17,102
2010-05-18,2
2010-05-19,46
2010-05-20,8
2010-05-21,10
2010-05-22,10
2010-05-23,10
2010-05-24,0
2010-05-25,2
2010-05-26,-68
2010-05-27,-82
2010-05-28,-64
2010-05-29,-64
2010-05-30,-64
2010-05-31,-64
2010-06-01,-60
2010-06-02,-114
2010-06-03,-106
2010-06-04,-114
2010-06-05,-114
2010-06-06,-114
2010-06-07,-62
2010-06-08,-96
2010-06-09,-110
2010-06-10,-100
2010-06-11,-100
2010-06-12,-100
2010-06-13,-100
2010-06-14,-100
2010-06-15,-100
2010-06-16,-100
2010-06-17,-176
2010-06-18,-188
2010-06-19,-188
2010-06-20,-188
2010-06-21,-256
2010-06-22,-146
2010-06-23,-140
2010-06-24,-136
2010-06-25,-126
2010-06-26,-126
2010-06-27,-126
2010-06-28,-116
2010-06-29,-82
2010-06-30,-58
2010-07-01,-46
2010-07-02,-78
2010-07-03,-78
2010-07-04,-78
2010-07-05,-78
2010-07-06,-94
2010-07-07,-106
2010-07-08,-118
2010-07-09,-144
2010-07-10,-144
2010-07-11,-144
2010-07-12,-44
2010-07-13,-40
2010-07-14,-98
2010-07-15,-54
2010-07-16,10
2010-07-17,10
2010-07-18,10
2010-07-19,22
2010-07-20,12
2010-07-21,46
2010-07-22,40
2010-07-23,146
2010-07-24,146
2010-07-25,146
2010-07-26,140
2010-07-27,182
2010-07-28,158
2010-07-29,142
2010-07-30,132
2010-07-31,132
2010-08-01,132
2010-08-02,164
2010-08-03,104
2010-08-04,102
2010-08-05,182
2010-08-06,-50
2010-08-07,-50
2010-08-08,-50
2010-08-09,-68
2010-08-10,44
2010-08-11,80
2010-08-12,96
2010-08-13,2
2010-08-14,2
2010-08-15,2
2010-08-16,128
2010-08-17,124
2010-08-18,156
2010-08-19,108
2010-08-20,200
2010-08-21,200
2010-08-22,200
2010-08-23,182
2010-08-24,174
2010-08-25,234
2010-08-26,178
2010-08-27,204
2010-08-28,204
2010-08-29,204
2010-08-30,256
2010-08-31,254
2010-09-01,202
2010-09-02,-50
2010-09-03,-50
2010-09-04,-50
2010-09-05,-50
2010-09-06,-50
2010-09-07,-50
2010-09-08,-50
2010-09-09,-100
2010-09-10,-100
2010-09-11,-100
2010-09-12,-100
2010-09-13,-100
2010-09-14,-100
2010-09-15,-156
2010-09-16,-180
2010-09-17,-224
2010-09-18,-224
2010-09-19,-224
2010-09-20,-324
2010-09-21,-204
2010-09-22,-204
2010-09-23,-204
2010-09-24,-204
2010-09-25,-204
2010-09-26,-204
2010-09-27,-306
2010-09-28,-324
2010-09-29,-248
2010-09-30,-230
2010-10-01,-230
2010-10-02,-230
2010-10-03,-230
2010-10-04,-230
2010-10-05,-230
2010-10-06,-230
2010-10-07,-230
2010-10-08,-234
2010-10-09,-234
2010-10-10,-234
2010-10-11,-512
2010-10-12,-402
2010-10-13,-266
2010-10-14,-340
2010-10-15,-410
2010-10-16,-410
2010-10-17,-410
2010-10-18,-300
2010-10-19,-404
2010-10-20,-510
2010-10-21,-532
2010-10-22,-586
2010-10-23,-586
2010-10-24,-586
2010-10-25,-864
2010-10-26,-768
2010-10-27,-522
2010-10-28,-636
2010-10-29,-388
2010-10-30,-388
2010-10-31,-388
2010-11-01,-590
2010-11-02,-578
2010-11-03,-564
2010-11-04,-846
2010-11-05,-978
2010-11-06,-978
2010-11-07,-978
2010-11-08,-780
2010-11-09,-912
2010-11-10,-770
2010-11-11,-762
2010-11-12,-246
2010-11-13,-246
2010-11-14,-246
2010-11-15,-284
2010-11-16,-102
2010-11-17,170
2010-11-18,80
2010-11-19,-38
2010-11-20,-38
2010-11-21,-38
2010-11-22,186
2010-11-23,262
2010-11-24,48
2010-11-25,48
2010-11-26,50
2010-11-27,50
2010-11-28,50
2010-11-29,-106
2010-11-30,-162
2010-12-01,-246
2010-12-02,-320
2010-12-03,-346
2010-12-04,-346
2010-12-05,-346
2010-12-06,-460
2010-12-07,-530
2010-12-08,-332
2010-12-09,-414
2010-12-10,-522
2010-12-11,-522
2010-12-12,-522
2010-12-13,-664
2010-12-14,-770
2010-12-15,-822
2010-12-16,-814
2010-12-17,-840
2010-12-18,-840
2010-12-19,-840
2010-12-20,-830
2010-12-21,-954
2010-12-22,-850
2010-12-23,-1114
2010-12-24,-1114
2010-12-25,-1114
2010-12-26,-1114
2010-12-27,-1144
2010-12-28,-1174
2010-12-29,-970
2010-12-30,-1048
2010-12-31,-1048
2011-01-01,-1048
2011-01-02,-1048
2011-01-03,-1048
2011-01-04,-1168
2011-01-05,-910
2011-01-06,-1164
2011-01-07,-914
2011-01-08,-914
2011-01-09,-914
2011-01-10,-858
2011-01-11,-928
2011-01-12,-804
2011-01-13,-756
2011-01-14,-784
2011-01-15,-784
2011-01-16,-784
2011-01-17,-784
2011-01-18,-666
2011-01-19,-842
2011-01-20,-742
2011-01-21,-736
2011-01-22,-736
2011-01-23,-736
2011-01-24,-832
2011-01-25,-696
2011-01-26,-450
2011-01-27,-570
2011-01-28,-526
2011-01-29,-526
2011-01-30,-526
2011-01-31,-690
2011-02-01,-690
2011-02-02,-690
2011-02-03,-690
2011-02-04,-690
2011-02-05,-690
2011-02-06,-690
2011-02-07,-690
2011-02-08,-690
2011-02-09,-682
2011-02-10,-580
2011-02-11,-564
2011-02-12,-564
2011-02-13,-564
2011-02-14,-590
2011-02-15,-468
2011-02-16,-344
2011-02-17,-212
2011-02-18,-166
2011-02-19,-166
2011-02-20,-166
2011-02-21,-166
2011-02-22,-278
2011-02-23,-38
2011-02-24,110
2011-02-25,-70
2011-02-26,-70
2011-02-27,-70
2011-02-28,-212
2011-03-01,-210
2011-03-02,-358
2011-03-03,-300
2011-03-04,-390
2011-03-05,-390
2011-03-06,-390
2011-03-07,-420
2011-03-08,-200
2011-03-09,-154
2011-03-10,-132
2011-03-11,-100
2011-03-12,-100
2011-03-13,-100
2011-03-14,32
2011-03-15,-122
2011-03-16,-100
2011-03-17,-202
2011-03-18,-326
2011-03-19,-326
2011-03-20,-326
2011-03-21,-420
2011-03-22,-344
2011-03-23,-480
2011-03-24,-314
2011-03-25,-424
2011-03-26,-424
2011-03-27,-424
2011-03-28,-434
2011-03-29,-404
2011-03-30,-546
2011-03-31,-576
2011-04-01,-644
2011-04-02,-644
2011-04-03,-644
2011-04-04,-644
2011-04-05,-644
2011-04-06,-798
2011-04-07,-748
2011-04-08,-808
2011-04-09,-808
2011-04-10,-808
2011-04-11,-838
2011-04-12,-644
2011-04-13,-580
2011-04-14,-450
2011-04-15,-390
2011-04-16,-390
2011-04-17,-390
2011-04-18,-420
2011-04-19,-368
2011-04-20,-544
2011-04-21,-506
2011-04-22,-506
2011-04-23,-506
2011-04-24,-506
2011-04-25,-538
2011-04-26,-342
2011-04-27,-332
2011-04-28,-424
2011-04-29,-316
2011-04-30,-316
2011-05-01,-316
2011-05-02,-316
2011-05-03,-406
2011-05-04,-316
2011-05-05,-340
2011-05-06,-234
2011-05-07,-234
2011-05-08,-234
2011-05-09,-276
2011-05-10,-368
2011-05-11,-368
2011-05-12,-266
2011-05-13,-420
2011-05-14,-420
2011-05-15,-420
2011-05-16,-360
2011-05-17,-368
2011-05-18,-486
2011-05-19,-416
2011-05-20,-502
2011-05-21,-502
2011-05-22,-502
2011-05-23,-398
2011-05-24,-482
2011-05-25,-424
2011-05-26,-462
2011-05-27,-440
2011-05-28,-440
2011-05-29,-440
2011-05-30,-440
2011-05-31,-432
2011-06-01,-394
2011-06-02,-412
2011-06-03,-450
2011-06-04,-450
2011-06-05,-450
2011-06-06,-450
2011-06-07,-350
2011-06-08,-258
2011-06-09,-180
2011-06-10,-118
2011-06-11,-118
2011-06-12,-118
2011-06-13,-108
2011-06-14,-120
2011-06-15,-136
2011-06-16,-36
2011-06-17,-28
2011-06-18,-28
2011-06-19,-28
2011-06-20,-32
2011-06-21,-86
2011-06-22,-58
2011-06-23,-28
2011-06-24,-20
2011-06-25,-20
2011-06-26,-20
2011-06-27,102
2011-06-28,86
2011-06-29,56
2011-06-30,20
2011-07-01,68
2011-07-02,68
2011-07-03,68
2011-07-04,68
2011-07-05,-30
2011-07-06,-36
2011-07-07,-64
2011-07-08,-90
2011-07-09,-90
2011-07-10,-90
2011-07-11,-110
2011-07-12,-50
2011-07-13,-108
2011-07-14,-146
2011-07-15,-104
2011-07-16,-104
2011-07-17,-104
2011-07-18,-70
2011-07-19,-88
2011-07-20,-126
2011-07-21,-138
2011-07-22,-122
2011-07-23,-122
2011-07-24,-122
2011-07-25,-98
2011-07-26,-106
2011-07-27,-46
2011-07-28,-14
2011-07-29,0
2011-07-30,0
2011-07-31,0
2011-08-01,-26
2011-08-02,-10
2011-08-03,-10
2011-08-04,-10
2011-08-05,-8
2011-08-06,-8
2011-08-07,-8
2011-08-08,-4
2011-08-09,140
2011-08-10,160
2011-08-11,146
2011-08-12,120
2011-08-13,120
2011-08-14,120
2011-08-15,92
2011-08-16,138
2011-08-17,120
2011-08-18,136
2011-08-19,152
2011-08-20,152
2011-08-21,152
2011-08-22,320
2011-08-23,282
2011-08-24,230
2011-08-25,230
2011-08-26,202
2011-08-27,202
2011-08-28,202
2011-08-29,260
2011-08-30,256
2011-08-31,200
2011-09-01,250
2011-09-02,262
2011-09-03,262
2011-09-04,262
2011-09-05,262
2011-09-06,280
2011-09-07,280
2011-09-08,280
2011-09-09,280
2011-09-10,280
2011-09-11,280
2011-09-12,280
2011-09-13,280
2011-09-14,280
2011-09-15,280
2011-09-16,-254
2011-09-17,-254
2011-09-18,-254
2011-09-19,-148
2011-09-20,-166
2011-09-21,-170
2011-09-22,-96
2011-09-23,162
2011-09-24,162
2011-09-25,162
2011-09-26,512
2011-09-27,258
2011-09-28,352
2011-09-29,434
2011-09-30,234
2011-10-01,234
2011-10-02,234
2011-10-03,234
2011-10-04,234
2011-10-05,234
2011-10-06,234
2011-10-07,234
2011-10-08,234
2011-10-09,234
2011-10-10,360
2011-10-11,370
2011-10-12,202
2011-10-13,184
2011-10-14,126
2011-10-15,126
2011-10-16,126
2011-10-17,100
2011-10-18,290
2011-10-19,256
2011-10-20,356
2011-10-21,244
2011-10-22,244
2011-10-23,244
2011-10-24,172
2011-10-25,140
2011-10-26,170
2011-10-27,56
2011-10-28,102
2011-10-29,102
2011-10-30,102
2011-10-31,226
2011-11-01,190
2011-11-02,118
2011-11-03,200
2011-11-04,102
2011-11-05,102
2011-11-06,102
2011-11-07,180
2011-11-08,202
2011-11-09,188
2011-11-10,188
2011-11-11,110
2011-11-12,110
2011-11-13,110
2011-11-14,110
2011-11-15,110
2011-11-16,48
2011-11-17,0
2011-11-18,0
2011-11-19,0
2011-11-20,0
2011-11-21,170
2011-11-22,328
2011-11-23,440
2011-11-24,340
2011-11-25,340
2011-11-26,340
2011-11-27,340
2011-11-28,340
2011-11-29,340
2011-11-30,530
2011-12-01,356
2011-12-02,378
2011-12-03,378
2011-12-04,378
2011-12-05,332
2011-12-06,350
2011-12-07,342
2011-12-08,390
2011-12-09,402
2011-12-10,402
2011-12-11,402
2011-12-12,490
2011-12-13,500
2011-12-14,500
2011-12-15,422
2011-12-16,340
2011-12-17,340
2011-12-18,340
2011-12-19,306
2011-12-20,318
2011-12-21,318
2011-12-22,318
2011-12-23,318
2011-12-24,318
2011-12-25,318
2011-12-26,318
2011-12-27,276
2011-12-28,196
2011-12-29,184
2011-12-30,170
2011-12-31,170
2012-01-01,170
2012-01-02,170
2012-01-03,170
2012-01-04,108
2012-01-05,102
2012-01-06,128
2012-01-07,128
2012-01-08,128
2012-01-09,142
2012-01-10,104
2012-01-11,102
2012-01-12,102
2012-01-13,184
2012-01-14,184
2012-01-15,184
2012-01-16,184
2012-01-17,266
2012-01-18,296
2012-01-19,258
2012-01-20,192
2012-01-21,192
2012-01-22,192
2012-01-23,192
2012-01-24,192
2012-01-25,192
2012-01-26,192
2012-01-27,192
2012-01-28,192
2012-01-29,192
2012-01-30,210
2012-01-31,248
2012-02-01,226
2012-02-02,210
2012-02-03,164
2012-02-04,164
2012-02-05,164
2012-02-06,84
2012-02-07,124
2012-02-08,42
2012-02-09,110
2012-02-10,174
2012-02-11,174
2012-02-12,174
2012-02-13,80
2012-02-14,104
2012-02-15,104
2012-02-16,178
2012-02-17,108
2012-02-18,108
2012-02-19,108
2012-02-20,158
2012-02-21,72
2012-02-22,60
2012-02-23,56
2012-02-24,60
2012-02-25,60
2012-02-26,60
2012-02-27,28
2012-02-28,-16
2012-02-29,-26
2012-03-01,34
2012-03-02,0
2012-03-03,0
2012-03-04,0
2012-03-05,14
2012-03-06,56
2012-03-07,84
2012-03-08,42
2012-03-09,-16
2012-03-10,-16
2012-03-11,-16
2012-03-12,8
2012-03-13,-66
2012-03-14,-26
2012-03-15,-54
2012-03-16,-10
2012-03-17,-10
2012-03-18,-10
2012-03-19,-68
2012-03-20,26
2012-03-21,40
2012-03-22,38
2012-03-23,-64
2012-03-24,-64
2012-03-25,-64
2012-03-26,-52
2012-03-27,-52
2012-03-28,-86
2012-03-29,-60
2012-03-30,22
2012-03-31,22
2012-04-01,22
2012-04-02,22
2012-04-03,22
2012-04-04,22
2012-04-05,48
2012-04-06,48
2012-04-07,48
2012-04-08,48
2012-04-09,-22
2012-04-10,-88
2012-04-11,234
2012-04-12,162
2012-04-13,174
2012-04-14,174
2012-04-15,174
2012-04-16,236
2012-04-17,172
2012-04-18,210
2012-04-19,158
2012-04-20,160
2012-04-21,160
2012-04-22,160
2012-04-23,90
2012-04-24,90
2012-04-25,86
2012-04-26,8
2012-04-27,-8
2012-04-28,-8
2012-04-29,-8
2012-04-30,-8
2012-05-01,-8
2012-05-02,32
2012-05-03,162
2012-05-04,112
2012-05-05,112
2012-05-06,112
2012-05-07,154
2012-05-08,104
2012-05-09,90
2012-05-10,32
2012-05-11,152
2012-05-12,152
2012-05-13,152
2012-05-14,264
2012-05-15,216
2012-05-16,362
2012-05-17,288
2012-05-18,378
2012-05-19,378
2012-05-20,378
2012-05-21,268
2012-05-22,272
2012-05-23,338
2012-05-24,296
2012-05-25,324
2012-05-26,324
2012-05-27,324
2012-05-28,324
2012-05-29,318
2012-05-30,352
2012-05-31,410
2012-06-01,386
2012-06-02,386
2012-06-03,386
2012-06-04,354
2012-06-05,278
2012-06-06,102
2012-06-07,6
2012-06-08,14
2012-06-09,14
2012-06-10,14
2012-06-11,-24
2012-06-12,8
2012-06-13,34
2012-06-14,110
2012-06-15,66
2012-06-16,66
2012-06-17,66
2012-06-18,34
2012-06-19,58
2012-06-20,38
2012-06-21,68
2012-06-22,68
2012-06-23,68
2012-06-24,68
2012-06-25,142
2012-06-26,102
2012-06-27,108
2012-06-28,110
2012-06-29,44
2012-06-30,44
2012-07-01,44
2012-07-02,4
2012-07-03,-86
2012-07-04,-86
2012-07-05,-140
2012-07-06,-120
2012-07-07,-120
2012-07-08,-120
2012-07-09,-186
2012-07-10,-70
2012-07-11,-18
2012-07-12,26
2012-07-13,-40
2012-07-14,-40
2012-07-15,-40
2012-07-16,-96
2012-07-17,-56
2012-07-18,-30
2012-07-19,-50
2012-07-20,-118
2012-07-21,-118
2012-07-22,-118
2012-07-23,-84
2012-07-24,98
2012-07-25,130
2012-07-26,146
2012-07-27,128
2012-07-28,128
2012-07-29,128
2012-07-30,170
2012-07-31,120
2012-08-01,100
2012-08-02,98
2012-08-03,56
2012-08-04,56
2012-08-05,56
2012-08-06,26
2012-08-07,20
2012-08-08,46
2012-08-09,-10
2012-08-10,0
2012-08-11,0
2012-08-12,0
2012-08-13,10
2012-08-14,50
2012-08-15,30
2012-08-16,30
2012-08-17,146
2012-08-18,146
2012-08-19,146
2012-08-20,146
2012-08-21,120
2012-08-22,98
2012-08-23,14
2012-08-24,30
2012-08-25,30
2012-08-26,30
2012-08-27,-6
2012-08-28,-2
2012-08-29,-28
2012-08-30,-28
2012-08-31,-100
2012-09-01,-100
2012-09-02,-100
2012-09-03,-100
2012-09-04,-100
2012-09-05,-300
2012-09-06,-200
2012-09-07,-350
2012-09-08,-350
2012-09-09,-350
2012-09-10,-350
2012-09-11,-350
2012-09-12,-350
2012-09-13,-300
2012-09-14,-300
2012-09-15,-300
2012-09-16,-300
2012-09-17,300
2012-09-18,200
2012-09-19,780
2012-09-20,770
2012-09-21,700
2012-09-22,700
2012-09-23,700
2012-09-24,700
2012-09-25,700
2012-09-26,406
2012-09-27,600
2012-09-28,500
2012-09-29,500
2012-09-30,500
2012-10-01,500
2012-10-02,500
2012-10-03,500
2012-10-04,500
2012-10-05,500
2012-10-06,500
2012-10-07,500
2012-10-08,500
2012-10-09,500
2012-10-10,870
2012-10-11,820
2012-10-12,750
2012-10-13,750
2012-10-14,750
2012-10-15,780
2012-10-16,720
2012-10-17,778
2012-10-18,648
2012-10-19,650
2012-10-20,650
2012-10-21,650
2012-10-22,650
2012-10-23,650
2012-10-24,696
2012-10-25,750
2012-10-26,750
2012-10-27,750
2012-10-28,750
2012-10-29,750
2012-10-30,500
2012-10-31,500
2012-11-01,784
2012-11-02,818
2012-11-03,818
2012-11-04,818
2012-11-05,710
2012-11-06,850
2012-11-07,798
2012-11-08,700
2012-11-09,750
2012-11-10,750
2012-11-11,750
2012-11-12,700
2012-11-13,960
2012-11-14,880
2012-11-15,800
2012-11-16,930
2012-11-17,930
2012-11-18,930
2012-11-19,850
2012-11-20,850
2012-11-21,800
2012-11-22,800
2012-11-23,800
2012-11-24,800
2012-11-25,800
2012-11-26,826
2012-11-27,804
2012-11-28,808
2012-11-29,794
2012-11-30,812
2012-12-01,812
2012-12-02,812
2012-12-03,740
2012-12-04,748
2012-12-05,660
2012-12-06,620
2012-12-07,700
2012-12-08,700
2012-12-09,700
2012-12-10,700
2012-12-11,700
2012-12-12,666
2012-12-13,660
2012-12-14,580
2012-12-15,580
2012-12-16,580
2012-12-17,546
2012-12-18,638
2012-12-19,622
2012-12-20,632
2012-12-21,608
2012-12-22,608
2012-12-23,608
2012-12-24,592
2012-12-25,592
2012-12-26,592
2012-12-27,486
2012-12-28,600
2012-12-29,600
2012-12-30,600
2012-12-31,600
2013-01-01,600
2013-01-02,600
2013-01-03,600
2013-01-04,500
2013-01-05,500
2013-01-06,500
2013-01-07,618
2013-01-08,648
2013-01-09,612
2013-01-10,522
2013-01-11,560
2013-01-12,560
2013-01-13,560
2013-01-14,502
2013-01-15,508
2013-01-16,516
2013-01-17,528
2013-01-18,510
2013-01-19,510
2013-01-20,510
2013-01-21,510
2013-01-22,480
2013-01-23,488
2013-01-24,610
2013-01-25,564
2013-01-26,564
2013-01-27,564
2013-01-28,568
2013-01-29,560
2013-01-30,514
2013-01-31,508
2013-02-01,524
2013-02-02,524
2013-02-03,524
2013-02-04,490
2013-02-05,544
2013-02-06,558
2013-02-07,566
2013-02-08,566
2013-02-09,566
2013-02-10,566
2013-02-11,566
2013-02-12,566
2013-02-13,566
2013-02-14,566
2013-02-15,566
2013-02-16,566
2013-02-17,566
2013-02-18,600
2013-02-19,598
2013-02-20,650
2013-02-21,674
2013-02-22,666
2013-02-23,666
2013-02-24,666
2013-02-25,802
2013-02-26,852
2013-02-27,752
2013-02-28,738
2013-03-01,760
2013-03-02,760
2013-03-03,760
2013-03-04,766
2013-03-05,742
2013-03-06,732
2013-03-07,752
2013-03-08,620
2013-03-09,620
2013-03-10,620
2013-03-11,634
2013-03-12,670
2013-03-13,676
2013-03-14,748
2013-03-15,692
2013-03-16,692
2013-03-17,692
2013-03-18,748
2013-03-19,718
2013-03-20,674
2013-03-21,682
2013-03-22,708
2013-03-23,708
2013-03-24,708
2013-03-25,642
2013-03-26,626
2013-03-27,600
2013-03-28,652
2013-03-29,652
2013-03-30,652
2013-03-31,652
2013-04-01,750
2013-04-02,762
2013-04-03,780
2013-04-04,780
2013-04-05,780
2013-04-06,780
2013-04-07,780
2013-04-08,792
2013-04-09,760
2013-04-10,736
2013-04-11,778
2013-04-12,800
2013-04-13,800
2013-04-14,800
2013-04-15,876
2013-04-16,930
2013-04-17,864
2013-04-18,890
2013-04-19,766
2013-04-20,766
2013-04-21,766
2013-04-22,728
2013-04-23,570
2013-04-24,530
2013-04-25,414
2013-04-26,410
2013-04-27,410
2013-04-28,410
2013-04-29,410
2013-04-30,410
2013-05-01,410
2013-05-02,486
2013-05-03,434
2013-05-04,434
2013-05-05,434
2013-05-06,360
2013-05-07,426
2013-05-08,356
2013-05-09,374
2013-05-10,348
2013-05-11,348
2013-05-12,348
2013-05-13,376
2013-05-14,366
2013-05-15,404
2013-05-16,358
2013-05-17,336
2013-05-18,336
2013-05-19,336
2013-05-20,344
2013-05-21,334
2013-05-22,318
2013-05-23,298
2013-05-24,280
2013-05-25,280
2013-05-26,280
2013-05-27,280
2013-05-28,300
2013-05-29,290
2013-05-30,340
2013-05-31,346
2013-06-01,346
2013-06-02,346
2013-06-03,574
2013-06-04,784
2013-06-05,948
2013-06-06,970
2013-06-07,872
2013-06-08,872
2013-06-09,872
2013-06-10,872
2013-06-11,872
2013-06-12,872
2013-06-13,936
2013-06-14,942
2013-06-15,942
2013-06-16,942
2013-06-17,950
2013-06-18,960
2013-06-19,944
2013-06-20,954
2013-06-21,990
2013-06-22,990
2013-06-23,990
2013-06-24,1054
2013-06-25,1018
2013-06-26,1042
2013-06-27,1244
2013-06-28,1476
2013-06-29,1476
2013-06-30,1476
2013-07-01,1600
2013-07-02,1436
2013-07-03,1206
2013-07-04,1206
2013-07-05,1182
2013-07-06,1182
2013-07-07,1182
2013-07-08,1158
2013-07-09,1186
2013-07-10,1186
2013-07-11,1170
2013-07-12,1184
2013-07-13,1184
2013-07-14,1184
2013-07-15,1238
2013-07-16,1274
2013-07-17,1264
2013-07-18,1242
2013-07-19,1304
2013-07-20,1304
2013-07-21,1304
2013-07-22,1284
2013-07-23,1292
2013-07-24,1328
2013-07-25,1328
2013-07-26,1718
2013-07-27,1718
2013-07-28,1718
2013-07-29,1786
2013-07-30,1818
2013-07-31,1750
2013-08-01,1668
2013-08-02,1638
2013-08-03,1638
2013-08-04,1638
2013-08-05,1642
2013-08-06,1640
2013-08-07,1592
2013-08-08,1346
2013-08-09,1210
2013-08-10,1210
2013-08-11,1210
2013-08-12,1106
2013-08-13,1012
2013-08-14,1110
2013-08-15,1120
2013-08-16,1116
2013-08-17,1116
2013-08-18,1116
2013-08-19,1188
2013-08-20,1320
2013-08-21,1302
2013-08-22,1420
2013-08-23,1420
2013-08-24,1420
2013-08-25,1420
2013-08-26,1392
2013-08-27,1420
2013-08-28,1410
2013-08-29,1410
2013-08-30,1872
2013-08-31,1872
2013-09-01,1872
2013-09-02,1872
2013-09-03,1900
2013-09-04,1900
2013-09-05,1900
2013-09-06,1602
2013-09-07,1602
2013-09-08,1602
2013-09-09,1738
2013-09-10,1800
2013-09-11,1762
2013-09-12,1662
2013-09-13,1750
2013-09-14,1750
2013-09-15,1750
2013-09-16,2050
2013-09-17,1994
2013-09-18,2002
2013-09-19,2002
2013-09-20,2002
2013-09-21,2002
2013-09-22,2002
2013-09-23,1930
2013-09-24,1890
2013-09-25,1992
2013-09-26,2016
2013-09-27,2118
2013-09-28,2118
2013-09-29,2118
2013-09-30,2156
2013-10-01,2156
2013-10-02,2156
2013-10-03,2156
2013-10-04,2156
2013-10-05,2156
2013-10-06,2156
2013-10-07,2156
2013-10-08,2156
2013-10-09,2156
2013-10-10,2156
2013-10-11,2006
2013-10-12,2006
2013-10-13,2006
2013-10-14,1906
2013-10-15,1906
2013-10-16,1906
2013-10-17,1732
2013-10-18,1740
2013-10-19,1740
2013-10-20,1740
2013-10-21,1668
2013-10-22,1748
2013-10-23,1742
2013-10-24,1630
2013-10-25,1660
2013-10-26,1660
2013-10-27,1660
2013-10-28,1658
2013-10-29,1768
2013-10-30,1628
2013-10-31,1626
2013-11-01,1502
2013-11-02,1502
2013-11-03,1502
2013-11-04,1444
2013-11-05,1390
2013-11-06,1454
2013-11-07,1476
2013-11-08,1482
2013-11-09,1482
2013-11-10,1482
2013-11-11,1482
2013-11-12,1398
2013-11-13,1386
2013-11-14,1208
2013-11-15,1214
2013-11-16,1214
2013-11-17,1214
2013-11-18,1212
2013-11-19,1254
2013-11-20,1194
2013-11-21,1146
2013-11-22,1144
2013-11-23,1144
2013-11-24,1144
2013-11-25,1154
2013-11-26,1232
2013-11-27,974
2013-11-28,974
2013-11-29,974
2013-11-30,974
2013-12-01,974
2013-12-02,972
2013-12-03,928
2013-12-04,928
2013-12-05,988
2013-12-06,974
2013-12-07,974
2013-12-08,974
2013-12-09,968
2013-12-10,944
2013-12-11,930
2013-12-12,986
2013-12-13,1138
2013-12-14,1138
2013-12-15,1138
2013-12-16,1180
2013-12-17,1160
2013-12-18,1174
2013-12-19,1216
2013-12-20,1210
2013-12-21,1210
2013-12-22,1210
2013-12-23,1206
2013-12-24,1260
2013-12-25,1160
2013-12-26,1272
2013-12-27,1230
2013-12-28,1230
2013-12-29,1230
2013-12-30,1240
2013-12-31,1320
2014-01-01,1320
2014-01-02,1320
2014-01-03,1372
2014-01-04,1372
2014-01-05,1372
2014-01-06,1472
2014-01-07,1478
2014-01-08,1412
2014-01-09,1422
2014-01-10,1426
2014-01-11,1426
2014-01-12,1426
2014-01-13,1436
2014-01-14,1416
2014-01-15,1442
2014-01-16,1426
2014-01-17,1440
2014-01-18,1440
2014-01-19,1440
2014-01-20,1440
2014-01-21,1346
2014-01-22,1360
2014-01-23,1360
2014-01-24,1266
2014-01-25,1266
2014-01-26,1266
2014-01-27,1342
2014-01-28,1454
2014-01-29,1460
2014-01-30,1460
2014-01-31,1460
2014-02-01,1460
2014-02-02,1460
2014-02-03,1460
2014-02-04,1460
2014-02-05,1460
2014-02-06,1460
2014-02-07,1308
2014-02-08,1308
2014-02-09,1308
2014-02-10,1230
2014-02-11,1332
2014-02-12,1312
2014-02-13,1306
2014-02-14,1244
2014-02-15,1244
2014-02-16,1244
2014-02-17,1244
2014-02-18,1238
2014-02-19,1142
2014-02-20,1042
2014-02-21,1076
2014-02-22,1076
2014-02-23,1076
2014-02-24,1050
2014-02-25,1088
2014-02-26,1090
2014-02-27,1054
2014-02-28,1086
2014-03-01,1086
2014-03-02,1086
2014-03-03,1012
2014-03-04,1012
2014-03-05,870
2014-03-06,870
2014-03-07,750
2014-03-08,750
2014-03-09,750
2014-03-10,800
2014-03-11,800
2014-03-12,770
2014-03-13,722
2014-03-14,850
2014-03-15,850
2014-03-16,850
2014-03-17,916
2014-03-18,1036
2014-03-19,1056
2014-03-20,1176
2014-03-21,1164
2014-03-22,1164
2014-03-23,1164
2014-03-24,1138
2014-03-25,926
2014-03-26,784
2014-03-27,672
2014-03-28,570
2014-03-29,570
2014-03-30,570
2014-03-31,470
2014-04-01,348
2014-04-02,222
2014-04-03,182
2014-04-04,122
2014-04-05,122
2014-04-06,122
2014-04-07,122
2014-04-08,148
2014-04-09,130
2014-04-10,130
2014-04-11,176
2014-04-12,176
2014-04-13,176
2014-04-14,172
2014-04-15,194
2014-04-16,116
2014-04-17,94
2014-04-18,94
2014-04-19,94
2014-04-20,94
2014-04-21,168
2014-04-22,126
2014-04-23,160
2014-04-24,246
2014-04-25,212
2014-04-26,212
2014-04-27,212
2014-04-28,104
2014-04-29,16
2014-04-30,10
2014-05-01,10
2014-05-02,10
2014-05-03,10
2014-05-04,10
2014-05-05,60
2014-05-06,70
2014-05-07,50
2014-05-08,66
2014-05-09,62
2014-05-10,62
2014-05-11,62
2014-05-12,144
2014-05-13,122
2014-05-14,132
2014-05-15,132
2014-05-16,142
2014-05-17,142
2014-05-18,142
2014-05-19,142
2014-05-20,186
2014-05-21,264
2014-05-22,190
2014-05-23,132
2014-05-24,132
2014-05-25,132
2014-05-26,132
2014-05-27,156
2014-05-28,150
2014-05-29,178
2014-05-30,200
2014-05-31,200
2014-06-01,200
2014-06-02,200
2014-06-03,270
2014-06-04,356
2014-06-05,374
2014-06-06,420
2014-06-07,420
2014-06-08,420
2014-06-09,440
2014-06-10,422
2014-06-11,426
2014-06-12,438
2014-06-13,432
2014-06-14,432
2014-06-15,432
2014-06-16,476
2014-06-17,518
2014-06-18,572
2014-06-19,550
2014-06-20,528
2014-06-21,528
2014-06-22,528
2014-06-23,458
2014-06-24,472
2014-06-25,456
2014-06-26,444
2014-06-27,474
2014-06-28,474
2014-06-29,474
2014-06-30,524
2014-07-01,664
2014-07-02,644
2014-07-03,682
2014-07-04,682
2014-07-05,682
2014-07-06,682
2014-07-07,828
2014-07-08,834
2014-07-09,920
2014-07-10,962
2014-07-11,992
2014-07-12,992
2014-07-13,992
2014-07-14,1050
2014-07-15,1034
2014-07-16,812
2014-07-17,778
2014-07-18,776
2014-07-19,776
2014-07-20,776
2014-07-21,828
2014-07-22,670
2014-07-23,470
2014-07-24,272
2014-07-25,72
2014-07-26,72
2014-07-27,72
2014-07-28,80
2014-07-29,40
2014-07-30,60
2014-07-31,68
2014-08-01,76
2014-08-02,76
2014-08-03,76
2014-08-04,68
2014-08-05,82
2014-08-06,104
2014-08-07,100
2014-08-08,100
2014-08-09,100
2014-08-10,100
2014-08-11,150
2014-08-12,212
2014-08-13,266
2014-08-14,482
2014-08-15,526
2014-08-16,526
2014-08-17,526
2014-08-18,504
2014-08-19,496
2014-08-20,524
2014-08-21,472
2014-08-22,462
2014-08-23,462
2014-08-24,462
2014-08-25,360
2014-08-26,438
2014-08-27,390
2014-08-28,426
2014-08-29,428
2014-08-30,428
2014-08-31,428
2014-09-01,378
2014-09-02,384
2014-09-03,406
2014-09-04,448
2014-09-05,440
2014-09-06,440
2014-09-07,440
2014-09-08,440
2014-09-09,462
2014-09-10,470
2014-09-11,458
2014-09-12,406
2014-09-13,406
2014-09-14,406
2014-09-15,322
2014-09-16,-118
2014-09-17,-96
2014-09-18,-72
2014-09-19,-42
2014-09-20,-42
2014-09-21,-42
2014-09-22,60
2014-09-23,-4
2014-09-24,-28
2014-09-25,-106
2014-09-26,26
2014-09-27,26
2014-09-28,26
2014-09-29,62
2014-09-30,14
2014-10-01,14
2014-10-02,14
2014-10-03,14
2014-10-04,14
2014-10-05,14
2014-10-06,14
2014-10-07,14
2014-10-08,10
2014-10-09,-40
2014-10-10,24
2014-10-11,24
2014-10-12,24
2014-10-13,40
2014-10-14,2
2014-10-15,44
2014-10-16,40
2014-10-17,14
2014-10-18,14
2014-10-19,14
2014-10-20,-2
2014-10-21,-16
2014-10-22,-40
2014-10-23,-28
2014-10-24,-22
2014-10-25,-22
2014-10-26,-22
2014-10-27,-16
2014-10-28,-42
2014-10-29,-114
2014-10-30,-74
2014-10-31,-220
2014-11-01,-220
2014-11-02,-220
2014-11-03,-174
2014-11-04,-128
2014-11-05,-6
2014-11-06,-104
2014-11-07,-104
2014-11-08,-104
2014-11-09,-104
2014-11-10,-104
2014-11-11,-104
2014-11-12,-104
2014-11-13,-92
2014-11-14,-72
2014-11-15,-72
2014-11-16,-72
2014-11-17,-62
2014-11-18,-8
2014-11-19,-8
2014-11-20,20
2014-11-21,-6
2014-11-22,-6
2014-11-23,-6
2014-11-24,-30
2014-11-25,-26
2014-11-26,-14
2014-11-27,-14
2014-11-28,-14
2014-11-29,-14
2014-11-30,-14
2014-12-01,32
2014-12-02,-42
2014-12-03,-62
2014-12-04,-28
2014-12-05,-66
2014-12-06,-66
2014-12-07,-66
2014-12-08,-90
2014-12-09,-64
2014-12-10,-50
2014-12-11,32
2014-12-12,40
2014-12-13,40
2014-12-14,40
2014-12-15,0
2014-12-16,34
2014-12-17,4
2014-12-18,-10
2014-12-19,20
2014-12-20,20
2014-12-21,20
2014-12-22,-38
2014-12-23,-62
2014-12-24,-72
2014-12-25,-92
2014-12-26,-90
2014-12-27,-90
2014-12-28,-90
2014-12-29,-122
2014-12-30,-126
2014-12-31,-118
2015-01-01,-118
2015-01-02,-118
2015-01-03,-118
2015-01-04,-118
2015-01-05,-80
2015-01-06,-84
2015-01-07,-62
2015-01-08,-94
2015-01-09,-42
2015-01-10,-42
2015-01-11,-42
2015-01-12,-24
2015-01-13,30
2015-01-14,0
2015-01-15,38
2015-01-16,18
2015-01-17,18
2015-01-18,18
2015-01-19,68
2015-01-20,50
2015-01-21,34
2015-01-22,62
2015-01-23,80
2015-01-24,80
2015-01-25,80
2015-01-26,118
2015-01-27,142
2015-01-28,130
2015-01-29,184
2015-01-30,268
2015-01-31,268
2015-02-01,268
2015-02-02,306
2015-02-03,276
2015-02-04,250
2015-02-05,256
2015-02-06,250
2015-02-07,250
2015-02-08,250
2015-02-09,228
2015-02-10,226
2015-02-11,234
2015-02-12,264
2015-02-13,198
2015-02-14,198
2015-02-15,198
2015-02-16,198
2015-02-17,198
2015-02-18,198
2015-02-19,198
2015-02-20,198
2015-02-21,198
2015-02-22,198
2015-02-23,198
2015-02-24,198
2015-02-25,240
2015-02-26,184
2015-02-27,62
2015-02-28,62
2015-03-01,62
2015-03-02,126
2015-03-03,208
2015-03-04,200
2015-03-05,204
2015-03-06,248
2015-03-07,248
2015-03-08,248
2015-03-09,214
2015-03-10,272
2015-03-11,232
2015-03-12,254
2015-03-13,266
2015-03-14,266
2015-03-15,266
2015-03-16,316
2015-03-17,272
2015-03-18,270
2015-03-19,338
2015-03-20,346
2015-03-21,346
2015-03-22,346
2015-03-23,300
2015-03-24,272
2015-03-25,302
2015-03-26,240
2015-03-27,274
2015-03-28,274
2015-03-29,274
2015-03-30,266
2015-03-31,274
2015-04-01,274
2015-04-02,274
2015-04-03,274
2015-04-04,274
2015-04-05,274
2015-04-06,274
2015-04-07,294
2015-04-08,294
2015-04-09,292
2015-04-10,276
2015-04-11,276
2015-04-12,276
2015-04-13,234
2015-04-14,270
2015-04-15,170
2015-04-16,172
2015-04-17,202
2015-04-18,202
2015-04-19,202
2015-04-20,154
2015-04-21,152
2015-04-22,178
2015-04-23,198
2015-04-24,180
2015-04-25,180
2015-04-26,180
2015-04-27,160
2015-04-28,202
2015-04-29,206
2015-04-30,160
2015-05-01,160
2015-05-02,160
2015-05-03,160
2015-05-04,106
2015-05-05,86
2015-05-06,56
2015-05-07,130
2015-05-08,136
2015-05-09,136
2015-05-10,136
2015-05-11,64
2015-05-12,84
2015-05-13,98
2015-05-14,90
2015-05-15,86
2015-05-16,86
2015-05-17,86
2015-05-18,102
2015-05-19,190
2015-05-20,246
2015-05-21,196
2015-05-22,180
2015-05-23,180
2015-05-24,180
2015-05-25,80
2015-05-26,70
2015-05-27,52
2015-05-28,64
2015-05-29,44
2015-05-30,44
2015-05-31,44
2015-06-01,-2
2015-06-02,16
2015-06-03,40
2015-06-04,52
2015-06-05,52
2015-06-06,52
2015-06-07,52
2015-06-08,70
2015-06-09,88
2015-06-10,88
2015-06-11,74
2015-06-12,14
2015-06-13,14
2015-06-14,14
2015-06-15,60
2015-06-16,82
2015-06-17,138
2015-06-18,146
2015-06-19,130
2015-06-20,130
2015-06-21,130
2015-06-22,130
2015-06-23,70
2015-06-24,-2
2015-06-25,-32
2015-06-26,-20
2015-06-27,-20
2015-06-28,-20
2015-06-29,-20
2015-06-30,-2
2015-07-01,-10
2015-07-02,8
2015-07-03,8
2015-07-04,8
2015-07-05,8
2015-07-06,60
2015-07-07,8
2015-07-08,256
2015-07-09,50
2015-07-10,-84
2015-07-11,-84
2015-07-12,-84
2015-07-13,-4
2015-07-14,-34
2015-07-15,-10
2015-07-16,-12
2015-07-17,24
2015-07-18,24
2015-07-19,24
2015-07-20,10
2015-07-21,-10
2015-07-22,-4
2015-07-23,-4
2015-07-24,-4
2015-07-25,-4
2015-07-26,-4
2015-07-27,42
2015-07-28,16
2015-07-29,50
2015-07-30,68
2015-07-31,100
2015-08-01,100
2015-08-02,100
2015-08-03,94
2015-08-04,80
2015-08-05,54
2015-08-06,90
2015-08-07,50
2015-08-08,50
2015-08-09,50
2015-08-10,50
2015-08-11,40
2015-08-12,30
2015-08-13,34
2015-08-14,18
2015-08-15,18
2015-08-16,18
2015-08-17,-20
2015-08-18,-12
2015-08-19,-58
2015-08-20,-62
2015-08-21,-44
2015-08-22,-44
2015-08-23,-44
2015-08-24,12
2015-08-25,-10
2015-08-26,-62
2015-08-27,-60
2015-08-28,-14
2015-08-29,-14
2015-08-30,-14
2015-08-31,192
2015-09-01,104
2015-09-02,140
2015-09-03,140
2015-09-04,140
2015-09-05,140
2015-09-06,140
2015-09-07,140
2015-09-08,-130
2015-09-09,-130
2015-09-10,-130
2015-09-11,-130
2015-09-12,-130
2015-09-13,-130
2015-09-14,-130
2015-09-15,-80
2015-09-16,-80
2015-09-17,200
2015-09-18,218
2015-09-19,218
2015-09-20,218
2015-09-21,200
2015-09-22,232
2015-09-23,208
2015-09-24,160
2015-09-25,130
2015-09-26,130
2015-09-27,130
2015-09-28,106
2015-09-29,162
2015-09-30,144
2015-10-01,144
2015-10-02,144
2015-10-03,144
2015-10-04,144
2015-10-05,144
2015-10-06,144
2015-10-07,144
2015-10-08,134
2015-10-09,134
2015-10-10,134
2015-10-11,134
2015-10-12,188
2015-10-13,182
2015-10-14,202
2015-10-15,196
2015-10-16,210
2015-10-17,210
2015-10-18,210
2015-10-19,234
2015-10-20,304
2015-10-21,300
2015-10-22,252
2015-10-23,300
2015-10-24,300
2015-10-25,300
2015-10-26,314
2015-10-27,334
2015-10-28,318
2015-10-29,318
2015-10-30,324
2015-10-31,324
2015-11-01,324
2015-11-02,324
2015-11-03,340
2015-11-04,310
2015-11-05,330
2015-11-06,368
2015-11-07,368
2015-11-08,368
2015-11-09,358
2015-11-10,344
2015-11-11,344
2015-11-12,406
2015-11-13,414
2015-11-14,414
2015-11-15,414
2015-11-16,458
2015-11-17,450
2015-11-18,418
2015-11-19,436
2015-11-20,368
2015-11-21,368
2015-11-22,368
2015-11-23,368
2015-11-24,280
2015-11-25,284
2015-11-26,284
2015-11-27,284
2015-11-28,284
2015-11-29,284
2015-11-30,254
2015-12-01,260
2015-12-02,222
2015-12-03,250
2015-12-04,240
2015-12-05,240
2015-12-06,240
2015-12-07,328
2015-12-08,384
2015-12-09,470
2015-12-10,470
2015-12-11,482
2015-12-12,482
2015-12-13,482
2015-12-14,476
2015-12-15,484
2015-12-16,486
2015-12-17,518
2015-12-18,490
2015-12-19,490
2015-12-20,490
2015-12-21,420
2015-12-22,432
2015-12-23,438
2015-12-24,446
2015-12-25,446
2015-12-26,446
2015-12-27,446
2015-12-28,454
2015-12-29,396
2015-12-30,358
2015-12-31,376
2016-01-01,376
2016-01-02,376
2016-01-03,376
2016-01-04,424
2016-01-05,338
2016-01-06,410
2016-01-07,426
2016-01-08,372
2016-01-09,372
2016-01-10,372
2016-01-11,294
2016-01-12,238
2016-01-13,236
2016-01-14,242
2016-01-15,240
2016-01-16,240
2016-01-17,240
2016-01-18,240
2016-01-19,214
2016-01-20,226
2016-01-21,246
2016-01-22,226
2016-01-23,226
2016-01-24,226
2016-01-25,220
2016-01-26,248
2016-01-27,248
2016-01-28,236
2016-01-29,250
2016-01-30,250
2016-01-31,250
2016-02-01,252
2016-02-02,240
2016-02-03,244
2016-02-04,218
2016-02-05,206
2016-02-06,206
2016-02-07,206
2016-02-08,206
2016-02-09,206
2016-02-10,206
2016-02-11,206
2016-02-12,206
2016-02-13,206
2016-02-14,206
2016-02-15,142
2016-02-16,246
2016-02-17,192
2016-02-18,170
2016-02-19,172
2016-02-20,172
2016-02-21,172
2016-02-22,176
2016-02-23,170
2016-02-24,182
2016-02-25,188
2016-02-26,170
2016-02-27,170
2016-02-28,170
2016-02-29,160
2016-03-01,182
2016-03-02,188
2016-03-03,186
2016-03-04,152
2016-03-05,152
2016-03-06,152
2016-03-07,90
2016-03-08,82
2016-03-09,134
2016-03-10,90
2016-03-11,28
2016-03-12,28
2016-03-13,28
2016-03-14,-28
2016-03-15,-2
2016-03-16,-4
2016-03-17,-62
2016-03-18,-72
2016-03-19,-72
2016-03-20,-72
2016-03-21,-78
2016-03-22,-92
2016-03-23,-94
2016-03-24,-2
2016-03-25,-34
2016-03-26,-34
2016-03-27,-34
2016-03-28,-76
2016-03-29,-50
2016-03-30,-28
2016-03-31,-48
2016-04-01,-66
2016-04-02,-66
2016-04-03,-66
2016-04-04,-66
2016-04-05,-96
2016-04-06,-74
2016-04-07,-102
2016-04-08,-64
2016-04-09,-64
2016-04-10,-64
2016-04-11,-96
2016-04-12,-110
2016-04-13,-78
2016-04-14,-88
2016-04-15,-100
2016-04-16,-100
2016-04-17,-100
2016-04-18,-74
2016-04-19,-98
2016-04-20,-94
2016-04-21,-104
2016-04-22,-82
2016-04-23,-82
2016-04-24,-82
2016-04-25,-52
2016-04-26,-70
2016-04-27,-46
2016-04-28,4
2016-04-29,40
2016-04-30,40
2016-05-01,40
2016-05-02,40
2016-05-03,40
2016-05-04,4
2016-05-05,-38
2016-05-06,-12
2016-05-07,-12
2016-05-08,-12
2016-05-09,-62
2016-05-10,-68
2016-05-11,-136
2016-05-12,-90
2016-05-13,14
2016-05-14,14
2016-05-15,14
2016-05-16,-2
2016-05-17,-82
2016-05-18,-72
2016-05-19,-24
2016-05-20,12
2016-05-21,12
2016-05-22,12
2016-05-23,194
2016-05-24,78
2016-05-25,98
2016-05-26,-24
2016-05-27,4
2016-05-28,4
2016-05-29,4
2016-05-30,-46
2016-05-31,40
2016-06-01,14
2016-06-02,-22
2016-06-03,-126
2016-06-04,-126
2016-06-05,-126
2016-06-06,-120
2016-06-07,-186
2016-06-08,-118
2016-06-09,-118
2016-06-10,-118
2016-06-11,-118
2016-06-12,-118
2016-06-13,-72
2016-06-14,-60
2016-06-15,-20
2016-06-16,10
2016-06-17,14
2016-06-18,14
2016-06-19,14
2016-06-20,-2
2016-06-21,22
2016-06-22,-34
2016-06-23,-10
2016-06-24,64
2016-06-25,64
2016-06-26,64
2016-06-27,-44
2016-06-28,-46
2016-06-29,-22
2016-06-30,-90
2016-07-01,-128
2016-07-02,-128
2016-07-03,-128
2016-07-04,-322
2016-07-05,-294
2016-07-06,-52
2016-07-07,-50
2016-07-08,-52
2016-07-09,-52
2016-07-10,-52
2016-07-11,-68
2016-07-12,-20
2016-07-13,-158
2016-07-14,-184
2016-07-15,-210
2016-07-16,-210
2016-07-17,-210
2016-07-18,-200
2016-07-19,-148
2016-07-20,-254
2016-07-21,-206
2016-07-22,-114
2016-07-23,-114
2016-07-24,-114
2016-07-25,-44
2016-07-26,-90
2016-07-27,-74
2016-07-28,-36
2016-07-29,2
2016-07-30,2
2016-07-31,2
2016-08-01,-38
2016-08-02,-48
2016-08-03,-54
2016-08-04,-22
2016-08-05,20
2016-08-06,20
2016-08-07,20
2016-08-08,-36
2016-08-09,-4
2016-08-10,32
2016-08-11,58
2016-08-12,34
2016-08-13,34
2016-08-14,34
2016-08-15,-58
2016-08-16,50
2016-08-17,38
2016-08-18,90
2016-08-19,22
2016-08-20,22
2016-08-21,22
2016-08-22,124
2016-08-23,96
2016-08-24,8
2016-08-25,146
2016-08-26,188
2016-08-27,188
2016-08-28,188
2016-08-29,190
2016-08-30,164
2016-08-31,202
2016-09-01,196
2016-09-02,196
2016-09-03,196
2016-09-04,196
2016-09-05,152
2016-09-06,140
2016-09-07,124
2016-09-08,118
2016-09-09,74
2016-09-10,74
2016-09-11,74
2016-09-12,74
2016-09-13,74
2016-09-14,74
2016-09-15,74
2016-09-16,74
2016-09-17,74
2016-09-18,74
2016-09-19,-322
2016-09-20,-358
2016-09-21,-342
2016-09-22,-352
2016-09-23,-414
2016-09-24,-414
2016-09-25,-414
2016-09-26,-456
2016-09-27,-380
2016-09-28,-388
2016-09-29,-400
2016-09-30,-448
2016-10-01,-448
2016-10-02,-448
2016-10-03,-448
2016-10-04,-448
2016-10-05,-448
2016-10-06,-448
2016-10-07,-448
2016-10-08,-448
2016-10-09,-448
2016-10-10,-448
2016-10-11,-526
2016-10-12,-482
2016-10-13,-434
2016-10-14,-540
2016-10-15,-540
2016-10-16,-540
2016-10-17,-552
2016-10-18,-512
2016-10-19,-610
2016-10-20,-478
2016-10-21,-424
2016-10-22,-424
2016-10-23,-424
2016-10-24,-498
2016-10-25,-414
2016-10-26,-456
2016-10-27,-342
2016-10-28,-386
2016-10-29,-386
2016-10-30,-386
2016-10-31,-338
2016-11-01,-338
2016-11-02,-252
2016-11-03,-288
2016-11-04,-214
2016-11-05,-214
2016-11-06,-214
2016-11-07,-272
2016-11-08,-248
2016-11-09,-176
2016-11-10,-268
2016-11-11,-324
2016-11-12,-324
2016-11-13,-324
2016-11-14,-114
2016-11-15,-116
2016-11-16,-196
2016-11-17,-184
2016-11-18,-138
2016-11-19,-138
2016-11-20,-138
2016-11-21,-194
2016-11-22,-234
2016-11-23,-216
2016-11-24,-382
2016-11-25,-582
2016-11-26,-582
2016-11-27,-582
2016-11-28,-404
2016-11-29,-318
2016-11-30,-402
2016-12-01,-378
2016-12-02,-392
2016-12-03,-392
2016-12-04,-392
2016-12-05,-406
2016-12-06,-368
2016-12-07,-430
2016-12-08,-354
2016-12-09,-272
2016-12-10,-272
2016-12-11,-272
2016-12-12,-296
2016-12-13,-268
2016-12-14,-246
2016-12-15,-272
2016-12-16,-220
2016-12-17,-220
2016-12-18,-220
2016-12-19,-278
2016-12-20,-166
2016-12-21,-154
2016-12-22,-64
2016-12-23,56
2016-12-24,56
2016-12-25,56
2016-12-26,52
2016-12-27,-96
2016-12-28,-70
2016-12-29,-78
2016-12-30,-74
2016-12-31,-74
2017-01-01,-74
2017-01-02,-74
2017-01-03,-22
2017-01-04,24
2017-01-05,48
2017-01-06,146
2017-01-07,146
2017-01-08,146
2017-01-09,112
2017-01-10,64
2017-01-11,22
2017-01-12,40
2017-01-13,36
2017-01-14,36
2017-01-15,36
2017-01-16,-100
2017-01-17,-160
2017-01-18,-78
2017-01-19,-90
2017-01-20,-48
2017-01-21,-48
2017-01-22,-48
2017-01-23,-36
2017-01-24,-104
2017-01-25,-8
2017-01-26,18
2017-01-27,18
2017-01-28,18
2017-01-29,18
2017-01-30,18
2017-01-31,18
2017-02-01,18
2017-02-02,18
2017-02-03,76
2017-02-04,76
2017-02-05,76
2017-02-06,32
2017-02-07,58
2017-02-08,-10
2017-02-09,-36
2017-02-10,-88
2017-02-11,-88
2017-02-12,-88
2017-02-13,-28
2017-02-14,48
2017-02-15,18
2017-02-16,48
2017-02-17,88
2017-02-18,88
2017-02-19,88
2017-02-20,8
2017-02-21,28
2017-02-22,50
2017-02-23,82
2017-02-24,32
2017-02-25,32
2017-02-26,32
2017-02-27,36
2017-02-28,24
2017-03-01,-58
2017-03-02,-92
2017-03-03,-92
2017-03-04,-92
2017-03-05,-92
2017-03-06,-138
2017-03-07,-102
2017-03-08,-62
2017-03-09,-104
2017-03-10,-34
2017-03-11,-34
2017-03-12,-34
2017-03-13,-144
2017-03-14,-90
2017-03-15,-112
2017-03-16,-100
2017-03-17,-118
2017-03-18,-118
2017-03-19,-118
2017-03-20,-126
2017-03-21,-128
2017-03-22,-128
2017-03-23,-60
2017-03-24,-122
2017-03-25,-122
2017-03-26,-122
2017-03-27,-162
2017-03-28,-170
2017-03-29,-172
2017-03-30,-144
2017-03-31,-78
2017-04-01,-78
2017-04-02,-78
2017-04-03,-78
2017-04-04,-78
2017-04-05,-166
2017-04-06,-136
2017-04-07,-114
2017-04-08,-114
2017-04-09,-114
2017-04-10,-180
2017-04-11,-210
2017-04-12,-108
2017-04-13,-178
2017-04-14,-206
2017-04-15,-206
2017-04-16,-206
2017-04-17,-190
2017-04-18,-164
2017-04-19,-172
2017-04-20,-216
2017-04-21,-226
2017-04-22,-226
2017-04-23,-226
2017-04-24,-300
2017-04-25,-256
2017-04-26,-230
2017-04-27,-242
2017-04-28,-212
2017-04-29,-212
2017-04-30,-212
2017-05-01,-212
2017-05-02,-282
2017-05-03,-284
2017-05-04,-276
2017-05-05,-200
2017-05-06,-200
2017-05-07,-200
2017-05-08,-252
2017-05-09,-234
2017-05-10,-182
2017-05-11,-260
2017-05-12,-230
2017-05-13,-230
2017-05-14,-230
2017-05-15,-202
2017-05-16,-166
2017-05-17,-166
2017-05-18,-160
2017-05-19,-110
2017-05-20,-110
2017-05-21,-110
2017-05-22,-184
2017-05-23,-112
2017-05-24,-90
2017-05-25,-70
2017-05-26,-18
2017-05-27,-18
2017-05-28,-18
2017-05-29,-18
2017-05-30,-18
2017-05-31,18
2017-06-01,16
2017-06-02,2
2017-06-03,2
2017-06-04,2
2017-06-05,-34
2017-06-06,-100
2017-06-07,-114
2017-06-08,-96
2017-06-09,-184
2017-06-10,-184
2017-06-11,-184
2017-06-12,-214
2017-06-13,-170
2017-06-14,-146
2017-06-15,-172
2017-06-16,-176
2017-06-17,-176
2017-06-18,-176
2017-06-19,-140
2017-06-20,-70
2017-06-21,-20
2017-06-22,-10
2017-06-23,10
2017-06-24,10
2017-06-25,10
2017-06-26,22
2017-06-27,-54
2017-06-28,-22
2017-06-29,-58
2017-06-30,-36
2017-07-01,-36
2017-07-02,-36
2017-07-03,-58
2017-07-04,60
2017-07-05,28
2017-07-06,-10
2017-07-07,-62
2017-07-08,-62
2017-07-09,-62
2017-07-10,-84
2017-07-11,-32
2017-07-12,-36
2017-07-13,18
2017-07-14,-34
2017-07-15,-34
2017-07-16,-34
2017-07-17,-88
2017-07-18,-68
2017-07-19,-116
2017-07-20,-128
2017-07-21,-138
2017-07-22,-138
2017-07-23,-138
2017-07-24,-90
2017-07-25,-168
2017-07-26,-60
2017-07-27,-116
2017-07-28,-10
2017-07-29,-10
2017-07-30,-10
2017-07-31,-116
2017-08-01,-122
2017-08-02,-90
2017-08-03,-26
2017-08-04,-68
2017-08-05,-68
2017-08-06,-68
2017-08-07,-12
2017-08-08,-106
2017-08-09,-84
2017-08-10,-122
2017-08-11,-120
2017-08-12,-120
2017-08-13,-120
2017-08-14,-94
2017-08-15,-24
2017-08-16,-176
2017-08-17,-220
2017-08-18,-224
2017-08-19,-224
2017-08-20,-224
2017-08-21,-204
2017-08-22,-226
2017-08-23,-242
2017-08-24,-244
2017-08-25,-202
2017-08-26,-202
2017-08-27,-202
2017-08-28,-220
2017-08-29,-164
2017-08-30,-144
2017-08-31,-158
2017-09-01,-136
2017-09-02,-136
2017-09-03,-136
2017-09-04,-144
2017-09-05,-168
2017-09-06,-126
2017-09-07,-154
2017-09-08,-52
2017-09-09,-52
2017-09-10,-52
2017-09-11,-92
2017-09-12,-64
2017-09-13,-18
2017-09-14,-84
2017-09-15,-74
2017-09-16,-74
2017-09-17,-74
2017-09-18,-36
2017-09-19,-6
2017-09-20,-30
2017-09-21,-2
2017-09-22,-18
2017-09-23,-18
2017-09-24,-18
2017-09-25,56
2017-09-26,52
2017-09-27,28
2017-09-28,84
2017-09-29,44
2017-09-30,44
2017-10-01,44
2017-10-02,44
2017-10-03,44
2017-10-04,44
2017-10-05,44
2017-10-06,44
2017-10-07,44
2017-10-08,44
2017-10-09,82
2017-10-10,92
2017-10-11,96
2017-10-12,54
2017-10-13,56
2017-10-14,56
2017-10-15,56
2017-10-16,30
2017-10-17,70
2017-10-18,108
2017-10-19,214
2017-10-20,118
2017-10-21,118
2017-10-22,118
2017-10-23,64
2017-10-24,76
2017-10-25,-22
2017-10-26,-36
2017-10-27,-8
2017-10-30,26
2017-10-31,72
2017-11-01,52
2017-11-02,22
2017-11-03,54
2017-11-06,50
2017-11-07,16
2017-11-08,38
2017-11-09,24
2017-11-10,98
2017-11-13,76
2017-11-14,56
2017-11-15,46
2017-11-16,60
2017-11-17,70
2017-11-20,50
2017-11-21,68
2017-11-22,60
2017-11-23,74
2017-11-24,68
2017-11-27,68
2017-11-28,84
2017-11-29,92
2017-11-30,74
2017-12-01,76
2017-12-04,70
2017-12-05,114
2017-12-06,80
2017-12-07,138
2017-12-08,130
2017-12-11,104
2017-12-12,88
2017-12-13,106
2017-12-14,200
2017-12-15,-60
2017-12-18,-50
2017-12-19,-50
2017-12-20,-60
2017-12-21,-60
2017-12-24,-70
2017-12-25,-60
2017-12-26,-50
2017-12-27,-50
2017-12-28,-50
2017-12-29,-50
2018-01-02,-50
2018-01-03,-180
2018-01-04,-190
2018-01-05,-200
2018-01-08,-180
2018-01-09,-170
2018-01-10,-180
2018-01-11,-180
2018-01-12,-170
2018-01-15,-170
2018-01-16,-160
2018-01-17,-150
2018-01-18,-150
2018-01-19,-150
2018-01-22,-180
2018-01-23,-180
2018-01-24,-180
2018-01-25,-180
2018-01-26,-180
2018-01-29,-200
2018-01-30,-180
2018-01-31,-170
2018-02-01,-150
2018-02-02,-160
2018-02-05,-140
2018-02-06,-140
2018-02-07,-140
2018-02-08,-140
2018-02-09,-106
2018-02-23,-168
2018-02-26,-178
2018-02-27,-156
2018-02-28,-180
2018-03-01,-166
2018-03-02,-154
2018-03-05,-152
2018-03-06,-138
2018-03-07,-72
2018-03-08,-94
2018-03-09,-24
2018-03-12,-38
2018-03-13,-76
2018-03-14,8
2018-03-15,-50
2018-03-16,-50
2018-03-19,-50
2018-03-20,-50
2018-03-21,-50
2018-03-22,-50
2018-03-23,-30
2018-03-26,-20
2018-03-27,-50
2018-03-28,-20
2018-03-29,0
2018-03-30,-10
2018-04-02,0
2018-04-03,0
2018-04-04,20
2018-04-09,10
2018-04-10,20
2018-04-11,20
2018-04-12,50
2018-04-13,-100
2018-04-16,-100
2018-04-17,-100
2018-04-18,-80
2018-04-19,-80
2018-04-20,-80
2018-04-23,-80
2018-04-24,-80
2018-04-25,-80
2018-04-26,-80
2018-04-27,-80
2018-05-02,-80
2018-05-03,-80
2018-05-04,-80
2018-05-07,-80
2018-05-08,-80
2018-05-09,-80
2018-05-10,-80
2018-05-11,-100
2018-05-14,-120
2018-05-15,-120
2018-05-16,-110
2018-05-17,-110
2018-05-18,-110
2018-05-21,-110
2018-05-22,-110
2018-05-23,-110
2018-05-24,-110
2018-05-25,-130
2018-05-28,-130
2018-05-29,-130
2018-05-30,-150
2018-05-31,-150
2018-06-01,-150
2018-06-04,-150
2018-06-05,-110
2018-06-06,-150
2018-06-07,-130
2018-06-08,-110
2018-06-11,-110
2018-06-12,-130
2018-06-13,-110
2018-06-14,-170
2018-06-15,-170
2018-06-19,-130
2018-06-20,-100
2018-06-21,-100
2018-06-22,-100
2018-06-25,-130
2018-06-26,-140
2018-06-27,-150
2018-06-28,-150
2018-06-29,-150
2018-07-02,-150
2018-07-03,-150
2018-07-04,-180
2018-07-05,-170
2018-07-06,-180
2018-07-09,-180
2018-07-10,-180
2018-07-11,-180
2018-07-12,-180
2018-07-13,-150
2018-07-16,-150
2018-07-17,-150
2018-07-18,-130
2018-07-19,-130
2018-07-20,-130
2018-07-23,-130
2018-07-24,-130
2018-07-25,-130
2018-07-26,-150
2018-07-27,-150
2018-07-30,-150
2018-07-31,-150
2018-08-01,-150
2018-08-02,-150
2018-08-03,-150
2018-08-06,-150
2018-08-07,-140
2018-08-08,-140
2018-08-09,-160
2018-08-10,-160
2018-08-13,-100
2018-08-14,-100
2018-08-15,-100
2018-08-16,-90
2018-08-17,-90
2018-08-20,-90
2018-08-21,-240
2018-08-22,-240
2018-08-23,-250
2018-08-24,-250
2018-08-27,-250
2018-08-28,-240
2018-08-29,-240
2018-08-30,-240
2018-08-31,-240
2018-09-03,-220
2018-09-04,-220
2018-09-05,-220
2018-09-06,-220
2018-09-07,-220
2018-09-10,-220
2018-09-11,-180
2018-09-12,-180
2018-09-13,-180
2018-09-14,-180
2018-09-17,-220
2018-09-18,-200
2018-09-19,-200
2018-09-20,-200
2018-09-25,-200
2018-09-26,-220
2018-09-27,-220
2018-09-28,-220
2018-10-08,-220
2018-10-09,-220
2018-10-10,-190
2018-10-11,-190
2018-10-12,-190
2018-10-15,-190
2018-10-16,-190
2018-10-17,-190
2018-10-18,-190
2018-10-19,-190
2018-10-20,-190
2018-10-23,-190
2018-10-24,-190
2018-10-25,-190
2018-10-26,-200
2018-10-29,-200
2018-10-30,-200
2018-10-31,-150
2018-11-01,-150
2018-11-02,-130
2018-11-05,-100
2018-11-06,-100
2018-11-07,-100
2018-11-08,-100
2018-11-09,-100
2018-11-12,-100
2018-11-13,-100
2018-11-14,-100
2018-11-15,-100
2018-11-16,-100
2018-11-19,-100
2018-11-20,-100
2018-11-21,-100
2018-11-22,-90
2018-11-23,-90
2018-11-26,-90
2018-11-27,-90
2018-11-28,-90
2018-11-29,-90
2018-11-30,-90
2018-12-03,-90
2018-12-04,-90
2018-12-05,-90
2018-12-06,-90
2018-12-07,-60
2018-12-10,-60
2018-12-11,-60
2018-12-12,-60
2018-12-13,-60
2018-12-14,-60
2018-12-17,-40
2018-12-18,-30
2018-12-19,-190
2018-12-20,-190
2018-12-21,-200
2018-12-24,-200
2018-12-25,-170
2018-12-26,-170
2018-12-27,-150
2018-12-28,-150
2019-01-02,-140
2019-01-03,-140
2019-01-04,-140
2019-01-07,-140
2019-01-08,-140
2019-01-09,-140
2019-01-10,-140
2019-01-11,-140
2019-01-14,-140
2019-01-15,-140
2019-01-16,-140
2019-01-17,-140
2019-01-18,-140
2019-01-21,-130
2019-01-22,-130
2019-01-23,-130
2019-01-24,-130
2019-01-25,-130
2019-01-28,-130
2019-01-29,-130
2019-01-30,-130
2019-01-31,-130
2019-02-11,-110
2019-02-12,-110
2019-02-13,-110
2019-02-14,-110
2019-02-15,-110
2019-02-18,-110
2019-02-19,-110
2019-02-20,-100
2019-02-21,-110
2019-02-22,-100
2019-02-25,-100
2019-02-26,-100
2019-02-27,-100
2019-02-28,-100
2019-03-01,-40
2019-03-04,-40
2019-03-05,-40
2019-03-06,-40
2019-03-07,-40
2019-03-08,30
2019-03-11,30
2019-03-12,-20
2019-03-13,-20
2019-03-14,-20
2019-03-15,-20
2019-03-18,-20
2019-03-19,30
2019-03-20,30
2019-03-21,30
2019-03-22,60
2019-03-25,100
2019-03-26,50
2019-03-27,80
2019-03-28,80
2019-03-29,80
2019-04-01,80
2019-04-02,80
2019-04-03,80
2019-04-04,80
2019-04-08,90
2019-04-09,90
2019-04-10,100
2019-04-11,100
2019-04-12,100
2019-04-15,100
2019-04-16,80
2019-04-17,130
2019-04-18,130
2019-04-19,130
2019-04-22,130
2019-04-23,150
2019-04-24,150
2019-04-25,150
2019-04-26,150
2019-04-29,150
2019-04-30,150
2019-05-06,150
2019-05-07,120
2019-05-08,120
2019-05-09,120
2019-05-10,80
2019-05-13,80
2019-05-14,80
2019-05-15,80
2019-05-16,50
2019-05-17,50
2019-05-20,50
2019-05-21,70
2019-05-22,70
2019-05-23,70
2019-05-24,50
2019-05-27,30
2019-05-28,30
2019-05-29,40
2019-05-30,40
2019-05-31,20
2019-06-03,30
2019-06-04,30
2019-06-05,30
2019-06-06,30
2019-06-10,0
2019-06-11,0
2019-06-12,0
2019-06-13,0
2019-06-14,0
2019-06-17,0
2019-06-18,0
2019-06-19,30
2019-06-20,40
2019-06-21,40
2019-06-24,40
2019-06-25,40
2019-06-26,40
2019-06-27,40
2019-06-28,30
2019-07-01,30
2019-07-02,30
2019-07-03,10
2019-07-04,10
2019-07-05,10
2019-07-08,10
2019-07-09,10
2019-07-10,10
2019-07-11,0
2019-07-12,0
2019-07-15,0
2019-07-16,30
2019-07-17,30
2019-07-18,30
2019-07-19,10
2019-07-22,10
2019-07-23,10
2019-07-24,10
2019-07-25,10
2019-07-26,10
2019-07-29,10
2019-07-30,10
2019-07-31,10
2019-08-01,10
2019-08-02,20
2019-08-05,20
2019-08-06,60
2019-08-07,60
2019-08-08,60
2019-08-09,60
2019-08-12,-20
2019-08-13,-30
2019-08-14,-35
2019-08-15,-25
2019-08-16,-20
2019-08-19,-20
2019-08-20,-25
2019-08-21,30
2019-08-22,80
2019-08-23,60
2019-08-26,60
2019-08-27,60
2019-08-28,60
2019-08-29,60
2019-08-30,60
2019-09-02,60
2019-09-03,60
2019-09-04,60
2019-09-05,50
2019-09-06,50
2019-09-09,100
2019-09-10,100
2019-09-11,100
2019-09-12,100
2019-09-16,100
2019-09-17,100
2019-09-18,100
2019-09-19,100
2019-09-20,100
2019-09-23,100
2019-09-24,100
2019-09-25,100
2019-09-26,90
2019-09-27,90
2019-09-30,90
2019-10-08,90
2019-10-09,90
2019-10-10,90
2019-10-11,90
2019-10-14,100
2019-10-15,100
2019-10-16,100
2019-10-17,100
2019-10-18,100
2019-10-21,100
2019-10-22,100
2019-10-23,100
2019-10-24,100
2019-10-25,100
2019-10-28,100
2019-10-29,100
2019-10-30,120
2019-10-31,120
2019-11-01,120
2019-11-04,120
2019-11-05,120
2019-11-06,120
2019-11-07,150
2019-11-08,150
2019-11-11,150
2019-11-12,150
2019-11-13,140
2019-11-14,140
2019-11-15,140
2019-11-18,140
2019-11-19,140
2019-11-20,140
2019-11-21,140
2019-11-22,140
2019-11-25,140
2019-11-26,140
2019-11-27,140
2019-11-28,140
2019-11-29,140
2019-12-02,140
2019-12-03,140
2019-12-04,140
2019-12-05,140
2019-12-06,140
2019-12-09,140
2019-12-10,140
2019-12-11,140
2019-12-12,140
2019-12-13,140
2019-12-16,360
2019-12-17,340
2019-12-18,340
2019-12-19,350
2019-12-20,350
2019-12-23,350
2019-12-24,350
2019-12-25,350
2019-12-26,90
2019-12-27,90
2019-12-30,90
2019-12-31,90
2020-01-02,90
2020-01-03,90
2020-01-06,90
2020-01-07,90
2020-01-08,300
2020-01-09,300
2020-01-10,300
2020-01-13,300
2020-01-14,340
2020-01-15,350
2020-01-16,350
2020-01-17,350
2020-01-20,350
2020-01-21,350
2020-01-22,350
2020-02-03,300
2020-02-04,300
2020-02-05,320
2020-02-06,340
2020-02-07,400
2020-02-10,400
2020-02-11,400
2020-02-12,450
2020-02-13,450
2020-02-14,450
2020-02-17,450
2020-02-18,450
2020-02-19,450
2020-02-20,450
2020-02-21,450
2020-02-24,450
2020-02-25,450
2020-02-26,450
2020-02-27,450
2020-02-28,450
2020-03-02,450
2020-03-03,450
2020-03-04,450
2020-03-05,450
2020-03-06,450
2020-03-09,450
2020-03-10,450
2020-03-11,400
2020-03-12,400
2020-03-13,300
2020-03-16,300
2020-03-17,300
2020-03-18,300
2020-03-19,300
2020-03-20,300
2020-03-23,250
2020-03-24,250
2020-03-25,250
2020-03-26,250
2020-03-27,250
2020-03-30,250
2020-03-31,320
2020-04-01,320
2020-04-02,240
2020-04-03,240
2020-04-07,240
2020-04-08,240
2020-04-09,240
2020-04-10,250
2020-04-13,250
2020-04-14,460
2020-04-15,460
2020-04-16,510
2020-04-17,500
2020-04-20,540
2020-04-21,450
2020-04-22,450
2020-04-23,450
2020-04-24,450
2020-04-27,450
2020-04-28,450
2020-04-29,450
2020-04-30,500
2020-05-06,530
2020-05-07,530
2020-05-08,470
2020-05-11,440
2020-05-12,440
2020-05-13,440
2020-05-14,440
2020-05-15,440
2020-05-18,440
2020-05-19,440
2020-05-20,440
2020-05-21,440
2020-05-22,440
2020-05-25,440
2020-05-26,440
2020-05-27,440
2020-05-28,440
2020-05-29,480
2020-06-01,480
2020-06-02,480
2020-06-03,480
2020-06-04,480
2020-06-05,480
2020-06-08,480
2020-06-09,480
2020-06-10,480
2020-06-11,480
2020-06-12,480
2020-06-15,480
2020-06-16,480
2020-06-17,480
2020-06-18,480
2020-06-19,480
2020-06-22,480
2020-06-23,480
2020-06-24,480
2020-06-29,480
2020-06-30,480
2020-07-01,480
2020-07-02,480
2020-07-03,480
2020-07-06,480
2020-07-07,480
2020-07-08,440
2020-07-09,440
2020-07-10,440
2020-07-13,440
2020-07-14,440
2020-07-15,440
2020-07-16,440
2020-07-17,440
2020-07-20,410
2020-07-21,410
2020-07-22,410
2020-07-23,410
2020-07-24,410
2020-07-27,320
2020-07-28,320
2020-07-29,320
2020-07-30,320
2020-07-31,320
2020-08-03,320
2020-08-04,320
2020-08-05,320
2020-08-06,320
2020-08-07,320
2020-08-10,40
2020-08-11,40
2020-08-12,40
2020-08-13,40
2020-08-14,40
2020-08-17,440
2020-08-18,400
2020-08-19,380
2020-08-20,400
2020-08-21,400
2020-08-24,380
2020-08-25,420
2020-08-26,420
2020-08-27,420
2020-08-28,420
2020-08-31,420
2020-09-01,420
2020-09-02,400
2020-09-03,400
2020-09-04,400
2020-09-07,400
2020-09-08,400
2020-09-09,400
2020-09-10,400
2020-09-11,400
2020-09-14,400
2020-09-15,400
2020-09-16,400
2020-09-17,400
2020-09-18,400
2020-09-21,500
2020-09-22,500
2020-09-23,500
2020-09-24,500
2020-09-25,500
2020-09-28,500
2020-09-29,500
2020-09-30,500
2020-10-09,500
2020-10-12,500
2020-10-13,500
2020-10-14,500
2020-10-15,500
2020-10-16,500
2020-10-19,500
2020-10-20,500
2020-10-21,500
2020-10-22,500
2020-10-23,500
2020-10-26,500
2020-10-27,500
2020-10-28,500
2020-10-29,500
2020-10-30,500
2020-11-02,500
2020-11-03,500
2020-11-04,500
2020-11-05,500
2020-11-06,500
2020-11-09,500
2020-11-10,500
2020-11-11,500
2020-11-12,500
2020-11-13,500
2020-11-16,500
2020-11-17,500
2020-11-18,500
2020-11-19,500
2020-11-20,500
2020-11-23,500
2020-11-24,500
2020-11-25,500
2020-11-26,500
2020-11-27,500
2020-11-30,500
2020-12-01,500
2020-12-02,500
2020-12-03,500
2020-12-04,500
2020-12-07,500
2020-12-08,500
2020-12-09,500
2020-12-10,500
2020-12-11,500
2020-12-14,500
2020-12-15,500
2020-12-16,500
2020-12-17,500
2020-12-18,500
2020-12-21,760
2020-12-22,710
2020-12-23,690
2020-12-24,660
2020-12-25,550
2020-12-28,650
2020-12-29,620
2020-12-30,630
2020-12-31,590
2021-01-04,610
2021-01-05,580
2021-01-06,560
2021-01-07,600
2021-01-08,600
2021-01-11,650
2021-01-12,650
2021-01-13,650
2021-01-14,650
2021-01-15,650
2021-01-18,630
2021-01-19,630
2021-01-20,630
2021-01-21,630
2021-01-22,630
2021-01-25,650
2021-01-26,650
2021-01-27,650
2021-01-28,650
2021-01-29,650
2021-02-01,630
2021-02-02,630
2021-02-03,600
2021-02-04,600
2021-02-05,600
2021-02-08,600
2021-02-09,600
2021-02-10,600
2021-02-18,600
2021-02-19,600
2021-02-22,570
2021-02-23,570
2021-02-24,570
2021-02-25,570
2021-02-26,570
2021-03-01,570
2021-03-02,550
2021-03-03,500
2021-03-04,500
2021-03-05,500
2021-03-08,500
2021-03-09,250
2021-03-10,250
2021-03-11,200
2021-03-12,200
2021-03-15,200
2021-03-16,200
2021-03-17,200
2021-03-18,220
2021-03-19,220
2021-03-22,220
2021-03-23,220
2021-03-24,220
2021-03-25,220
2021-03-26,200
2021-03-29,200
2021-03-30,200
2021-03-31,200
2021-04-01,200
2021-04-02,200
2021-04-06,200
2021-04-07,200
2021-04-08,200
2021-04-09,200
2021-04-12,200
2021-04-13,200
2021-04-14,200
2021-04-15,150
2021-04-16,150
2021-04-19,150
2021-04-20,150
2021-04-21,150
2021-04-22,0
2021-04-23,510
2021-04-26,500
2021-04-27,500
2021-04-28,500
2021-04-29,500
2021-04-30,450
2021-05-06,450
2021-05-07,450
2021-05-10,430
2021-05-11,400
2021-05-12,400
2021-05-13,400
2021-05-14,400
2021-05-17,400
2021-05-18,400
2021-05-19,400
2021-05-20,400
2021-05-21,400
2021-05-24,400
2021-05-25,500
2021-05-26,500
2021-05-27,500
2021-05-28,500
2021-05-31,500
2021-06-01,500
2021-06-02,550
2021-06-03,450
2021-06-04,400
2021-06-07,320
2021-06-08,320
2021-06-09,320
2021-06-10,320
2021-06-11,320
2021-06-15,320
2021-06-16,320
2021-06-17,350
2021-06-18,350
2021-06-21,300
2021-06-22,300
2021-06-23,300
2021-06-24,300
2021-06-25,300
2021-06-28,300
2021-06-29,300
2021-06-30,300
2021-07-01,150
2021-07-02,150
2021-07-05,150
2021-07-06,100
2021-07-07,0
2021-07-08,-50
2021-07-09,-50
2021-07-12,-50
2021-07-13,-50
2021-07-14,-50
2021-07-15,50
2021-07-16,50
2021-07-19,50
2021-07-20,-80
2021-07-21,-150
2021-07-22,-100
2021-07-23,-100
2021-07-26,-50
2021-07-27,-50
2021-07-28,-50
2021-07-29,-50
2021-07-30,60
2021-08-02,60
2021-08-03,60
2021-08-04,50
2021-08-05,50
2021-08-06,50
2021-08-09,60
2021-08-10,50
2021-08-11,50
2021-08-12,50
2021-08-13,60
2021-08-16,70
2021-08-17,130
2021-08-18,130
2021-08-19,130
2021-08-20,130
2021-08-23,130
2021-08-24,130
2021-08-25,130
2021-08-26,130
2021-08-27,130
2021-08-30,130
2021-08-31,100
2021-09-01,80
2021-09-02,100
2021-09-03,100
2021-09-06,100
2021-09-07,100
2021-09-08,150
2021-09-09,150
2021-09-10,200
2021-09-13,200
2021-09-14,200
2021-09-15,150
2021-09-16,150
2021-09-17,150
2021-09-22,220
2021-09-23,220
2021-09-24,220
2021-09-27,220
2021-09-28,220
2021-09-29,300
2021-09-30,300
2021-10-08,300
2021-10-11,300
2021-10-12,300
2021-10-13,300
2021-10-14,280
2021-10-15,280
2021-10-18,280
2021-10-19,280
2021-10-20,300
2021-10-21,300
2021-10-22,300
2021-10-25,300
2021-10-26,300
2021-10-27,300
2021-10-28,300
2021-10-29,300
2021-11-01,300
2021-11-02,300
2021-11-03,300
2021-11-04,350
2021-11-05,350
2021-11-08,350
2021-11-09,350
2021-11-10,350
2021-11-11,350
2021-11-12,350
2021-11-15,300
2021-11-16,300
2021-11-17,300
2021-11-18,300
2021-11-19,300
2021-11-22,300
2021-11-23,300
2021-11-24,300
2021-11-25,300
2021-11-26,270
2021-11-29,270
2021-11-30,270
2021-12-01,270
2021-12-02,270
2021-12-03,270
2021-12-06,270
2021-12-07,250
2021-12-08,250
2021-12-09,290
2021-12-10,290
2021-12-13,290
2021-12-14,290
2021-12-15,230
2021-12-16,680
2021-12-17,680
2021-12-20,680
2021-12-21,680
2021-12-22,680
2021-12-23,600
2021-12-24,650
2021-12-27,650
2021-12-28,650
2021-12-29,650
2021-12-30,650
2021-12-31,650
2022-01-03,650
2022-01-04,650
2022-01-05,650
2022-01-06,650
2022-01-07,550
2022-01-10,550
2022-01-11,550
2022-01-12,550
2022-01-13,600
2022-01-14,600
2022-01-17,700
2022-01-18,700
2022-01-19,700
2022-01-20,700
2022-01-21,700
2022-01-24,700
2022-01-25,650
2022-01-26,650
2022-01-27,650
2022-01-28,650
2022-02-07,650
2022-02-08,650
2022-02-09,600
2022-02-10,600
2022-02-11,650
2022-02-14,600
2022-02-15,600
2022-02-16,600
2022-02-17,600
2022-02-18,600
2022-02-21,600
2022-02-22,600
2022-02-23,600
2022-02-24,600
2022-02-25,600
2022-02-28,600
2022-03-01,600
2022-03-02,600
2022-03-03,600
2022-03-04,600
2022-03-07,600
2022-03-08,600
2022-03-09,600
2022-03-10,550
2022-03-11,550
2022-03-14,550
2022-03-15,550
2022-03-16,550
2022-03-17,550
2022-03-18,500
2022-03-21,460
2022-03-22,460
2022-03-23,460
2022-03-24,460
2022-03-25,460
2022-03-28,460
2022-03-29,460
2022-03-30,460
2022-03-31,460
2022-04-01,460
2022-04-04,460
2022-04-05,460
2022-04-06,460
2022-04-07,460
2022-04-08,460
2022-04-11,460
2022-04-12,450
2022-04-13,450
2022-04-14,450
2022-04-15,450
2022-04-18,630
2022-04-19,630
2022-04-20,630
2022-04-21,630
2022-04-22,630
2022-04-25,600
2022-04-26,600
2022-04-27,580
2022-04-28,580
2022-04-29,580
2022-05-02,580
2022-05-03,580
2022-05-04,580
2022-05-05,580
2022-05-06,580
2022-05-09,540
2022-05-10,540
2022-05-11,540
2022-05-12,540
2022-05-13,540
2022-05-16,540
2022-05-17,540
2022-05-18,540
2022-05-19,540
2022-05-20,540
2022-05-23,600
2022-05-24,600
2022-05-25,600
2022-05-26,600
2022-05-27,600
2022-05-30,600
2022-05-31,600
2022-06-01,600
2022-06-02,600
2022-06-03,600
2022-06-06,630
2022-06-07,630
2022-06-08,630
2022-06-09,630
2022-06-10,630
2022-06-13,630
2022-06-14,630
2022-06-15,630
2022-06-16,630
2022-06-17,630
2022-06-20,650
2022-06-21,650
2022-06-22,650
2022-06-23,650
2022-06-24,680
2022-06-27,680
2022-06-28,680
2022-06-29,680
2022-06-30,680
2022-07-01,680
2022-07-04,680
2022-07-05,700
2022-07-06,700
2022-07-07,750
2022-07-08,750
2022-07-11,850
2022-07-12,850
2022-07-13,850
2022-07-14,1100
2022-07-15,1300
2022-07-18,1300
2022-07-19,1300
2022-07-20,1300
2022-07-21,1300
2022-07-22,1300
2022-07-25,1300
2022-07-26,1280
2022-07-27,1280
2022-07-28,1200
2022-07-29,1100
2022-08-01,1050
2022-08-02,1050
2022-08-03,1050
2022-08-04,1050
2022-08-05,1050
2022-08-08,1050
2022-08-09,1050
2022-08-10,980
2022-08-11,960
2022-08-12,940
2022-08-15,920
2022-08-16,920
2022-08-17,920
2022-08-18,920
2022-08-19,920
2022-08-22,920
2022-08-23,920
2022-08-24,920
2022-08-25,900
2022-08-26,900
2022-08-29,900
2022-08-30,1850
2022-08-31,1850
2022-09-01,1850
2022-09-02,1850
2022-09-05,2000
2022-09-06,2000
2022-09-07,2000
2022-09-08,1900
2022-09-09,1900
2022-09-12,1900
2022-09-13,2100
2022-09-14,2100
2022-09-15,2100
2022-09-16,2100
2022-09-19,2250
2022-09-20,2250
2022-09-21,2250
2022-09-22,2250
2022-09-23,2250
2022-09-26,2250
2022-09-27,2250
2022-09-28,2600
2022-09-29,2600
2022-09-30,2650
2022-10-03,2650
2022-10-04,2650
2022-10-05,2650
2022-10-06,2650
2022-10-07,2650
2022-10-10,2700
2022-10-11,2700
2022-10-12,2700
2022-10-13,2700
2022-10-14,2650
2022-10-17,2650
2022-10-18,2650
2022-10-19,2650
2022-10-20,2600
2022-10-21,2600
2022-10-24,2500
2022-10-25,2500
2022-10-26,2500
2022-10-27,2550
2022-10-28,2550
2022-10-31,2500
2022-11-01,2500
2022-11-02,2500
2022-11-03,2500
2022-11-04,2500
2022-11-07,2440
2022-11-08,2440
2022-11-09,2440
2022-11-10,2440
2022-11-11,2440
2022-11-14,2440
2022-11-15,2440
2022-11-16,2440
2022-11-17,2360
2022-11-18,2320
2022-11-21,2260
2022-11-22,2160
2022-11-23,2160
2022-11-24,2160
2022-11-25,2160
2022-11-28,2160
2022-11-29,2160
2022-11-30,1850
2022-12-01,1850
2022-12-02,1850
2022-12-05,1850
2022-12-06,2050
2022-12-07,2050
2022-12-08,2050
2022-12-09,2050
2022-12-12,2050
2022-12-13,2050
2022-12-14,2050
2022-12-15,2050
2022-12-16,2050
2022-12-19,1800
2022-12-20,1800
2022-12-21,1800
2022-12-22,1800
2022-12-23,1800
2022-12-26,1800
2022-12-27,1800
2022-12-28,2600
2022-12-29,2600
2022-12-30,2600
2023-01-02,2600
2023-01-03,1600
2023-01-04,1600
2023-01-05,1600
2023-01-06,1400
2023-01-09,1400
2023-01-10,1400
2023-01-11,1200
2023-01-12,1200
2023-01-13,1200
2023-01-16,1200
2023-01-17,1200
2023-01-18,1200
2023-01-19,1200
2023-01-20,1200
2023-01-23,1200
2023-01-24,1200
2023-01-25,1200
2023-01-26,1200
2023-01-27,1200
2023-01-30,1200
2023-01-31,1200
2023-02-01,1200
2023-02-02,980
2023-02-03,980
2023-02-06,980
2023-02-07,980
2023-02-08,980
2023-02-09,980
2023-02-10,980
2023-02-13,980
2023-02-14,980
2023-02-15,980
2023-02-16,980
2023-02-17,980
2023-02-20,850
2023-02-21,850
2023-02-22,750
2023-02-23,750
2023-02-24,750
2023-02-27,750
2023-02-28,750
2023-03-01,750
2023-03-02,750
2023-03-03,690
2023-03-06,690
2023-03-07,600
2023-03-08,600
2023-03-09,600
2023-03-10,600
2023-03-13,400
2023-03-14,400
2023-03-15,400
2023-03-16,400
2023-03-17,400
2023-03-20,400
2023-03-21,400
2023-03-22,400
2023-03-23,400
2023-03-24,400
2023-03-27,400
2023-03-28,400
2023-03-29,400
2023-03-30,400
2023-03-31,350
2023-04-03,350
2023-04-04,350
2023-04-05,350
2023-04-06,400
2023-04-07,400
2023-04-10,400
2023-04-11,380
2023-04-12,380
2023-04-13,350
2023-04-14,320
2023-04-17,320
2023-04-18,320
2023-04-19,310
2023-04-20,310
2023-04-21,300
2023-04-24,200
2023-04-25,320
2023-04-26,320
2023-04-27,320
2023-04-28,320
2023-05-01,320
2023-05-02,320
2023-05-03,320
2023-05-04,280
2023-05-05,280
2023-05-08,260
2023-05-09,260
2023-05-10,260
2023-05-11,240
2023-05-12,240
2023-05-15,230
2023-05-16,230
2023-05-17,230
2023-05-18,230
2023-05-19,230
2023-05-22,230
2023-05-23,230
2023-05-24,220
2023-05-25,220
2023-05-26,220
2023-05-29,220
2023-05-30,220
2023-05-31,220
2023-06-01,220
2023-06-02,220
2023-06-05,220
2023-06-06,220
2023-06-07,220
2023-06-08,220
2023-06-09,220
2023-06-12,220
2023-06-13,220
2023-06-14,180
2023-06-15,180
2023-06-16,180
2023-06-19,180
2023-06-20,180
2023-06-21,180
2023-06-22,180
2023-06-23,180
2023-06-26,180
2023-06-27,180
2023-06-28,180
2023-06-29,180
2023-06-30,180
2023-07-03,180
2023-07-04,180
2023-07-05,180
2023-07-06,180
2023-07-07,170
2023-07-10,150
2023-07-11,140
2023-07-12,140
2023-07-13,140
2023-07-14,140
2023-07-17,160
2023-07-18,160
2023-07-19,160
2023-07-20,130
2023-07-21,130
2023-07-24,130
2023-07-25,120
2023-07-26,100
2023-07-27,100
2023-07-28,100
2023-07-31,100
2023-08-01,100
2023-08-02,100
2023-08-03,100
2023-08-04,100
2023-08-07,100
2023-08-08,100
2023-08-09,100
2023-08-10,100
2023-08-11,110
2023-08-14,110
2023-08-15,130
2023-08-16,320
2023-08-17,320
2023-08-18,320
2023-08-21,320
2023-08-22,320
2023-08-23,320
2023-08-24,320
2023-08-25,300
2023-08-28,300
2023-08-29,300
2023-08-30,240
2023-08-31,240
2023-09-01,240
2023-09-04,240
2023-09-05,240
2023-09-06,230
2023-09-07,230
2023-09-08,240
2023-09-11,240
2023-09-12,240
2023-09-13,240
2023-09-14,240
2023-09-15,240
2023-09-18,240
2023-09-19,240
2023-09-20,240
2023-09-21,240
2023-09-22,240
2023-09-25,240
2023-09-26,240
2023-09-27,240
2023-09-28,240
2023-09-29,240
2023-10-02,240
2023-10-03,240
2023-10-04,240
2023-10-05,240
2023-10-06,240
2023-10-09,180
2023-10-10,180
2023-10-11,180
2023-10-12,180
2023-10-13,160
2023-10-16,160
2023-10-17,160
2023-10-18,160
2023-10-19,160
2023-10-20,160
2023-10-23,160
2023-10-24,160
2023-10-25,160
2023-10-26,160
2023-10-27,160
2023-10-30,160
2023-10-31,160
2023-11-01,160
2023-11-02,180
2023-11-03,180
2023-11-06,180
2023-11-07,180
2023-11-08,180
2023-11-09,180
2023-11-10,180
2023-11-13,170
2023-11-14,160
2023-11-15,150
2023-11-16,150
2023-11-17,150
2023-11-20,150
2023-11-21,150
2023-11-22,150
2023-11-23,130
2023-11-24,130
2023-11-27,130
2023-11-28,130
2023-11-29,130
2023-11-30,130
2023-12-01,130
2023-12-04,130
2023-12-05,130
2023-12-06,130
2023-12-07,130
2023-12-08,130
2023-12-11,130
2023-12-12,130
2023-12-13,130
2023-12-14,130
2023-12-15,130
2023-12-18,180
2023-12-19,180
2023-12-20,180
2023-12-21,180
2023-12-22,180
2023-12-25,180
2023-12-26,180
2023-12-27,180
2023-12-28,180
2023-12-29,180
2024-01-01,180
2024-01-02,180
2024-01-03,180
2024-01-04,180
2024-01-05,180
2024-01-08,180
2024-01-09,180
2024-01-10,180
2024-01-11,180
2024-01-12,180
2024-01-15,190
2024-01-16,190
2024-01-17,190
2024-01-18,190
2024-01-19,190
2024-01-22,190
2024-01-23,190
2024-01-24,190
2024-01-25,190
2024-01-26,190
2024-01-29,160
2024-01-30,160
2024-01-31,160
2024-02-01,160
2024-02-02,160
2024-02-05,160
2024-02-06,160
2024-02-07,160
2024-02-08,160
2024-02-09,160
2024-02-12,160
2024-02-13,160
2024-02-14,160
2024-02-15,160
2024-02-16,160
2024-02-19,160
2024-02-20,180
2024-02-21,180
2024-02-22,180
2024-02-23,170
2024-02-26,170
2024-02-27,160
2024-02-28,160
2024-02-29,160
2024-03-01,160
2024-03-04,160
2024-03-05,160
2024-03-06,150
2024-03-07,130
2024-03-08,130
2024-03-11,130
2024-03-12,130
2024-03-13,130
2024-03-14,130
2024-03-15,130
2024-03-18,130
2024-03-19,120
2024-03-20,130
2024-03-21,130
2024-03-22,130
2024-03-25,130
2024-03-26,130
2024-03-27,130
2024-03-28,120
2024-03-29,120
2024-04-01,120
2024-04-02,120
2024-04-03,120
2024-04-04,120
2024-04-05,120
2024-04-08,120
2024-04-09,120
2024-04-10,100
2024-04-11,110
2024-04-12,100
2024-04-15,100
2024-04-16,100
2024-04-17,100
2024-04-18,100
2024-04-19,100
2024-04-22,100
2024-04-23,100
2024-04-24,60
2024-04-25,40
2024-04-26,60
2024-04-29,30
2024-04-30,30
2024-05-01,30
2024-05-02,30
2024-05-03,30
2024-05-06,20
2024-05-07,20
2024-05-08,20
2024-05-09,20
2024-05-10,0
2024-05-13,0
2024-05-14,-20
2024-05-15,-20
2024-05-16,-20
2024-05-17,-20
2024-05-20,-20
2024-05-21,-20
2024-05-22,-20
2024-05-23,-20
2024-05-24,-20
2024-05-27,-20
2024-05-28,-20
2024-05-29,-20
2024-05-30,-20
2024-05-31,-20
2024-06-03,20
2024-06-04,20
2024-06-05,20
2024-06-06,20
2024-06-07,30
2024-06-10,30
2024-06-11,30
2024-06-12,30
2024-06-13,30
2024-06-14,30
2024-06-17,30
2024-06-18,30
2024-06-19,30
2024-06-20,30
2024-06-21,30
2024-06-24,30
2024-06-25,40
2024-06-26,40
2024-06-27,40
2024-06-28,40
2024-07-01,40
2024-07-02,60
2024-07-03,60
2024-07-04,60
2024-07-05,60
2024-07-08,60
2024-07-09,60
2024-07-10,60
2024-07-11,60
2024-07-12,60
2024-07-15,60
2024-07-16,60
2024-07-17,60
2024-07-18,60
2024-07-19,60
2024-07-22,60
2024-07-23,60
2024-07-24,60
2024-07-25,60
2024-07-26,60
2024-07-29,60
2024-07-30,60
2024-07-31,60
2024-08-01,60
2024-08-02,60
2024-08-05,30
2024-08-06,30
2024-08-07,30
2024-08-08,30
2024-08-09,30
2024-08-12,30
2024-08-13,30
2024-08-14,30
2024-08-15,30
2024-08-16,10
2024-08-19,10
2024-08-20,-10
2024-08-21,-10
2024-08-22,-10
2024-08-23,-10
2024-08-26,-10
2024-08-27,-10
2024-08-28,-10
2024-08-29,-10
2024-08-30,-10
2024-09-02,-10
2024-09-03,30
2024-09-04,30
2024-09-05,30
2024-09-06,30
2024-09-09,30
2024-09-10,30
2024-09-11,30
2024-09-12,30
2024-09-13,30
2024-09-16,30
2024-09-17,30
2024-09-18,50
2024-09-19,50
2024-09-20,50
2024-09-23,50
2024-09-24,50
2024-09-25,50
2024-09-26,50
2024-09-27,50
2024-09-30,50
2024-10-01,50
2024-10-02,50
2024-10-03,50
2024-10-04,50
2024-10-07,50
2024-10-08,50
2024-10-09,50
2024-10-10,30
2024-10-11,30
2024-10-14,30
2024-10-15,30
2024-10-16,30
2024-10-17,20
2024-10-18,20
2024-10-21,20
2024-10-22,30
2024-10-23,30
2024-10-24,30
2024-10-25,30
2024-10-28,30
2024-10-29,30
2024-10-30,30
2024-10-31,30
2024-11-01,30
2024-11-04,40
2024-11-05,40
2024-11-06,40
2024-11-07,40
2024-11-08,40
2024-11-11,40
2024-11-12,40
2024-11-13,40
2024-11-14,40
2024-11-15,40
2024-11-18,50
2024-11-19,50
2024-11-20,70
2024-11-21,100
2024-11-22,100
2024-11-23,100
2024-11-24,100
2024-11-25,100
2024-11-26,100
2024-11-27,100
2024-11-28,100
2024-11-29,100
2024-11-30,100
2024-12-01,100
2024-12-02,120
2024-12-03,110
2024-12-04,100
2024-12-05,100
2024-12-06,100
2024-12-07,100
2024-12-08,100
2024-12-09,120
2024-12-10,120
2024-12-11,120
2024-12-12,110
2024-12-13,110
2024-12-14,110
2024-12-15,110
2024-12-16,70
2024-12-17,70
2024-12-18,70
2024-12-19,70
2024-12-20,70
2024-12-21,70
2024-12-22,70
2024-12-23,50
2024-12-24,50
2024-12-25,50
2024-12-26,50
2024-12-27,50
2024-12-28,50
2024-12-29,50
2024-12-30,50
2024-12-31,50
2025-01-01,50
2025-01-02,50
2025-01-03,50
2025-01-04,50
2025-01-05,50
2025-01-06,50
2025-01-07,50
2025-01-08,50
2025-01-09,50
2025-01-10,50
2025-01-11,50
2025-01-12,50
2025-01-13,30
2025-01-14,30
2025-01-15,30
2025-01-16,30
2025-01-17,30
2025-01-18,30
2025-01-19,30
2025-01-20,30
2025-01-21,30
2025-01-22,30
2025-01-23,30
2025-01-24,30
2025-01-25,30
2025-01-26,30
2025-01-27,30
2025-01-28,30
2025-01-29,30
2025-01-30,30
2025-01-31,30
2025-02-01,30
2025-02-02,30
2025-02-03,30
2025-02-04,30
2025-02-05,30
2025-02-06,30
2025-02-07,60
2025-02-08,60
2025-02-09,60
2025-02-10,50
2025-02-11,50
2025-02-12,50
2025-02-13,0
2025-02-14,0
2025-02-15,0
2025-02-16,0
2025-02-17,0
2025-02-18,0
2025-02-19,0
2025-02-20,0
2025-02-21,20
2025-02-22,20
2025-02-23,20
2025-02-24,20
2025-02-25,20
2025-02-26,20
2025-02-27,20
2025-02-28,20
2025-03-01,20
2025-03-02,20
2025-03-03,20
2025-03-04,40
2025-03-05,40
2025-03-06,40
2025-03-07,40
2025-03-08,40
2025-03-09,40
2025-03-10,100
2025-03-11,100
2025-03-12,50
2025-03-13,50
2025-03-14,50
2025-03-15,50
2025-03-16,50
2025-03-17,30
2025-03-18,30
2025-03-19,30
2025-03-20,30
2025-03-21,30
2025-03-22,30
2025-03-23,30
2025-03-24,30
2025-03-25,30
2025-03-26,30
2025-03-27,80
2025-03-28,80
2025-03-29,80
2025-03-30,80
2025-03-31,80
2025-04-01,80
2025-04-02,80
2025-04-03,80
2025-04-04,80
2025-04-05,80
2025-04-06,80
2025-04-07,100
2025-04-08,100
2025-04-09,100
2025-04-10,100
2025-04-11,100
2025-04-12,100
2025-04-13,100
2025-04-14,100
2025-04-15,100
2025-04-16,90
2025-04-17,90
2025-04-18,90
2025-04-19,90
2025-04-20,90
2025-04-21,120
2025-04-22,120
2025-04-23,120
2025-04-24,120
2025-04-25,120
2025-04-26,120
2025-04-27,120
2025-04-28,120
2025-04-29,120
2025-04-30,150
2025-05-01,150
2025-05-02,150
2025-05-03,150
2025-05-04,150
2025-05-05,150
2025-05-06,150
2025-05-07,150
2025-05-08,150
2025-05-09,170
2025-05-10,170
2025-05-11,170
2025-05-12,170
2025-05-13,200
2025-05-14,200
2025-05-15,200
2025-05-16,200
2025-05-17,200
2025-05-18,200
2025-05-19,200
2025-05-20,200
2025-05-21,180
2025-05-22,180
2025-05-23,180
2025-05-24,180
2025-05-25,180
2025-05-26,180
2025-05-27,180
2025-05-28,180
2025-05-29,180
2025-05-30,180
2025-05-31,180
2025-06-01,180
2025-06-02,180
2025-06-03,180
2025-06-04,180
2025-06-05,200
2025-06-06,200
2025-06-07,200
2025-06-08,200
2025-06-09,200
2025-06-10,200
2025-06-11,200
2025-06-12,200
2025-06-13,200
2025-06-14,200
2025-06-15,200
2025-06-16,200
2025-06-17,200
2025-06-18,200
2025-06-19,180
2025-06-20,180
2025-06-21,180
2025-06-22,180
2025-06-23,180
2025-06-24,180
2025-06-25,180
2025-06-26,150
2025-06-27,150
2025-06-28,150
2025-06-29,150
2025-06-30,150
2025-07-01,150
2025-07-02,150
2025-07-03,130
2025-07-04,130
2025-07-05,130
2025-07-06,130
2025-07-07,130
2025-07-08,130
2025-07-09,130
2025-07-10,130
2025-07-11,130
2025-07-12,130
2025-07-13,130
2025-07-14,130
2025-07-15,130
2025-07-16,120
2025-07-17,120
2025-07-18,120
2025-07-19,120
2025-07-20,120
2025-07-21,100
2025-07-22,100
2025-07-23,100
2025-07-24,100
2025-07-25,100
2025-07-26,100
2025-07-27,100
2025-07-28,90
2025-07-29,90
2025-07-30,90
2025-07-31,90
2025-08-01,90
2025-08-02,90
2025-08-03,90
2025-08-04,90
2025-08-05,100
2025-08-06,100
2025-08-07,100
2025-08-08,110
2025-08-09,110
2025-08-10,110
2025-08-11,110
2025-08-12,110
2025-08-13,110
2025-08-14,100
2025-08-15,100
2025-08-16,130
2025-08-17,130
2025-08-18,130
2025-08-19,130
2025-08-20,130
2025-08-21,130
2025-08-22,130
2025-08-23,130
2025-08-24,130
2025-08-25,130
2025-08-26,130
2025-08-27,100
2025-08-28,100
2025-08-29,100
2025-08-30,100
2025-08-31,100
2025-09-01,100
2025-09-02,130
2025-09-03,150
2025-09-04,160
2025-09-05,190
2025-09-06,190
2025-09-07,190
2025-09-08,200
2025-09-09,200
2025-09-10,200
2025-09-11,210
2025-09-12,210
2025-09-13,210
2025-09-14,210
2025-09-15,210
2025-09-16,220
2025-09-17,220
2025-09-18,220
2025-09-19,220
2025-09-20,220
2025-09-21,220
2025-09-22,220
2025-09-23,220
2025-09-24,240
2025-09-25,240
2025-09-26,240
2025-09-27,240
2025-09-28,240
2025-09-29,240
2025-09-30,240
2025-10-01,240
2025-10-02,240
2025-10-03,240
2025-10-04,240
2025-10-05,240
2025-10-06,240
2025-10-07,240
2025-10-08,240
2025-10-09,250
2025-10-10,280
2025-10-11,280
2025-10-12,280
2025-10-13,280
2025-10-14,280
2025-10-15,300
2025-10-16,300
2025-10-17,320
2025-10-18,320
2025-10-19,320
2025-10-20,330
2025-10-21,330
2025-10-22,330
2025-10-23,330
2025-10-24,330
2025-10-25,330
2025-10-26,330
2025-10-27,330
2025-10-28,330
2025-10-29,360
2025-10-30,360
2025-10-31,360
2025-11-01,360
2025-11-02,360
2025-11-03,360
2025-11-04,350
2025-11-05,350
2025-11-06,350
2025-11-07,350
2025-11-08,350
2025-11-09,350
2025-11-10,350
2025-11-11,350
2025-11-12,350
2025-11-13,350
2025-11-14,350
2025-11-15,350
2025-11-16,350
2025-11-17,350
2025-11-18,350
2025-11-19,350
2025-11-20,350
2025-11-21,350
2025-11-22,350
2025-11-23,350
2025-11-24,330
2025-11-25,320
2025-11-26,320
2025-11-27,300
2025-11-28,300
2025-11-29,300
2025-11-30,300
2025-12-01,300
2025-12-02,280
2025-12-03,260
2025-12-04,250
2025-12-05,250
2025-12-06,250
2025-12-07,250
2025-12-08,250
2025-12-09,250
2025-12-10,270
2025-12-11,270
2025-12-12,270
2025-12-13,270
2025-12-14,270
2025-12-15,270
2025-12-16,510
2025-12-17,500
2025-12-18,460
2025-12-19,480
2025-12-20,480
2025-12-21,480
2025-12-22,480
2025-12-23,620
2025-12-24,650
2025-12-25,650
2025-12-26,650
2025-12-27,650
2025-12-28,650
2025-12-29,700
2025-12-30,750
2025-12-31,750
2026-01-01,750
2026-01-02,750
2026-01-03,750
2026-01-04,750
2026-01-05,750
2026-01-06,800
2026-01-07,800
2026-01-08,800
2026-01-09,800
2026-01-10,800
2026-01-11,800
2026-01-12,800
2026-01-13,800
2026-01-14,800
2026-01-15,750
2026-01-16,750
2026-01-17,750
2026-01-18,750
2026-01-19,750
2026-01-20,750
2026-01-21,750
2026-01-22,750
2026-01-23,750
2026-01-24,750
2026-01-25,750
2026-01-26,750
2026-01-27,750
2026-01-28,750
2026-01-29,750
2026-01-30,720
2026-01-31,720
2026-02-01,720
2026-02-02,700
2026-02-03,700
2026-02-04,640
2026-02-05,640
2026-02-06,640
2026-02-07,640
2026-02-08,640
2026-02-09,580
2026-02-10,580
2026-02-11,580
2026-02-12,580
2026-02-13,580
2026-02-14,580
2026-02-15,580
2026-02-16,580
2026-02-17,580
2026-02-18,580
2026-02-19,580
2026-02-20,580
2026-02-21,580
2026-02-22,580
2026-02-23,580
2026-02-24,550
2026-02-25,550
2026-02-26,550
2026-02-27,550
2026-02-28,550
2026-03-01,550
2026-03-02,550
2026-03-03,550
2026-03-04,550
2026-03-05,550
2026-03-06,550
2026-03-07,550
2026-03-08,550
2026-03-09,550
2026-03-10,550
2026-03-11,550
2026-03-12,550
2026-03-13,550
2026-03-14,550
2026-03-15,550
2026-03-16,550
2026-03-17,550
2026-03-18,550
2026-03-19,550
2026-03-20,550
2026-03-21,550
2026-03-22,550
2026-03-23,550
2026-03-24,550
2026-03-25,520
2026-03-26,520
2026-03-27,520
2026-03-28,520
2026-03-29,520
2026-03-30,520
2026-03-31,520
2026-04-01,520
2026-04-02,500
2026-04-03,500
2026-04-04,500
2026-04-05,500
2026-04-06,500
2026-04-07,500
2026-04-08,500
2026-04-09,500
2026-04-10,500
2026-04-11,500
2026-04-12,500
2026-04-13,500
2026-04-14,500
2026-04-15,500
2026-04-16,580
2026-04-17,580
2026-04-18,580
2026-04-19,580
2026-04-20,580
2026-04-21,580
2026-04-22,560
2026-04-23,520
2026-04-24,520
2026-04-25,520
2026-04-26,520
2026-04-27,520
2026-04-28,480
2026-04-29,480
2026-04-30,480
2026-05-01,480
2026-05-02,480
2026-05-03,480
2026-05-04,480
2026-05-05,480
2026-05-06,480
2026-05-07,480
2026-05-08,480
2026-05-09,480
2026-05-10,480
2026-05-11,480
2026-05-12,480
2026-05-13,480
2026-05-14,480
2026-05-15,480
2026-05-16,480
2026-05-17,480
2026-05-18,400
2026-05-19,400
2026-05-20,400
2026-05-21,400
2026-05-22,400
2026-05-23,400
2026-05-24,400
2026-05-25,400
2026-05-26,400
2026-05-27,430
2026-05-28,430
2026-05-29,430
2026-05-30,430
2026-05-31,430
2026-06-01,430
2026-06-02,430
2026-06-03,430
2026-06-04,430
2026-06-05,430
2026-06-06,430
2026-06-07,430
2026-06-08,430
2026-06-09,430
2026-06-10,430
2026-06-11,430
2026-06-12,430
