Date,Cash
2011-07-06,10100
2011-07-07,10100
2011-07-08,10150
2011-07-09,10150
2011-07-10,10150
2011-07-11,10150
2011-07-12,10150
2011-07-13,10200
2011-07-14,10200
2011-07-15,10200
2011-07-16,10200
2011-07-17,10200
2011-07-18,10200
2011-07-19,10200
2011-07-20,10200
2011-07-21,10200
2011-07-22,10200
2011-07-23,10200
2011-07-24,10200
2011-07-25,10200
2011-07-26,10200
2011-07-27,10300
2011-07-28,10300
2011-07-29,10300
2011-07-30,10300
2011-07-31,10300
2011-08-01,10300
2011-08-02,10350
2011-08-03,10350
2011-08-04,10350
2011-08-05,10300
2011-08-06,10300
2011-08-07,10300
2011-08-08,10300
2011-08-09,10300
2011-08-10,10350
2011-08-11,10350
2011-08-12,10350
2011-08-13,10350
2011-08-14,10350
2011-08-15,10350
2011-08-16,10400
2011-08-17,10400
2011-08-18,10400
2011-08-19,10400
2011-08-20,10400
2011-08-21,10400
2011-08-22,10500
2011-08-23,10500
2011-08-24,10500
2011-08-25,10500
2011-08-26,10500
2011-08-27,10500
2011-08-28,10500
2011-08-29,10550
2011-08-30,10550
2011-08-31,10550
2011-09-01,10550
2011-09-02,10550
2011-09-03,10550
2011-09-04,10550
2011-09-05,10550
2011-09-06,10550
2011-09-07,10550
2011-09-08,10550
2011-09-09,10550
2011-09-10,10550
2011-09-11,10550
2011-09-12,10550
2011-09-13,10550
2011-09-14,10550
2011-09-15,10550
2011-09-16,10550
2011-09-17,10550
2011-09-18,10550
2011-09-19,10550
2011-09-20,10550
2011-09-21,10550
2011-09-22,10450
2011-09-23,10450
2011-09-24,10450
2011-09-25,10450
2011-09-26,10400
2011-09-27,10400
2011-09-28,10400
2011-09-29,10300
2011-09-30,10300
2011-10-01,10300
2011-10-02,10300
2011-10-03,10300
2011-10-04,10300
2011-10-05,10300
2011-10-06,10300
2011-10-07,10300
2011-10-08,10300
2011-10-09,10300
2011-10-10,10200
2011-10-11,10200
2011-10-12,10200
2011-10-13,10200
2011-10-14,10200
2011-10-15,10200
2011-10-16,10200
2011-10-17,10200
2011-10-18,10200
2011-10-19,10200
2011-10-20,10150
2011-10-21,10150
2011-10-22,10150
2011-10-23,10150
2011-10-24,10150
2011-10-25,10150
2011-10-26,10150
2011-10-27,10150
2011-10-28,10150
2011-10-29,10150
2011-10-30,10150
2011-10-31,10150
2011-11-01,10100
2011-11-02,10100
2011-11-03,10100
2011-11-04,10100
2011-11-05,10100
2011-11-06,10100
2011-11-07,10100
2011-11-08,10100
2011-11-09,10100
2011-11-10,10000
2011-11-11,10000
2011-11-12,10000
2011-11-13,10000
2011-11-14,10000
2011-11-15,10000
2011-11-16,10000
2011-11-17,10000
2011-11-18,10000
2011-11-19,10000
2011-11-20,10000
2011-11-21,10000
2011-11-22,10000
2011-11-23,10000
2011-11-24,9900
2011-11-25,9900
2011-11-26,9900
2011-11-27,9900
2011-11-28,9900
2011-11-29,9900
2011-11-30,9900
2011-12-01,9900
2011-12-02,9900
2011-12-03,9900
2011-12-04,9900
2011-12-05,9900
2011-12-06,9900
2011-12-07,9900
2011-12-08,9900
2011-12-09,9900
2011-12-10,9900
2011-12-11,9900
2011-12-12,9900
2011-12-13,9900
2011-12-14,9900
2011-12-15,9800
2011-12-16,9800
2011-12-17,9800
2011-12-18,9800
2011-12-19,9800
2011-12-20,9800
2011-12-21,9800
2011-12-22,9800
2011-12-23,9800
2011-12-24,9800
2011-12-25,9800
2011-12-26,9800
2011-12-27,9800
2011-12-28,9800
2011-12-29,9800
2011-12-30,9800
2011-12-31,9800
2012-01-01,9800
2012-01-02,9800
2012-01-03,9800
2012-01-04,9800
2012-01-05,9800
2012-01-06,9800
2012-01-07,9800
2012-01-08,9800
2012-01-09,9800
2012-01-10,9800
2012-01-11,9800
2012-01-12,9800
2012-01-13,9800
2012-01-14,9800
2012-01-15,9800
2012-01-16,9800
2012-01-17,9800
2012-01-18,9800
2012-01-19,9800
2012-01-20,9800
2012-01-21,9800
2012-01-22,9800
2012-01-23,9800
2012-01-24,9800
2012-01-25,9800
2012-01-26,9800
2012-01-27,9800
2012-01-28,9800
2012-01-29,9800
2012-01-30,9800
2012-01-31,9800
2012-02-01,9800
2012-02-02,9800
2012-02-03,9800
2012-02-04,9800
2012-02-05,9800
2012-02-06,9800
2012-02-07,9800
2012-02-08,9800
2012-02-09,9850
2012-02-10,9850
2012-02-11,9850
2012-02-12,9850
2012-02-13,9850
2012-02-14,9850
2012-02-15,9850
2012-02-16,9850
2012-02-17,9850
2012-02-18,9850
2012-02-19,9850
2012-02-20,9900
2012-02-21,9900
2012-02-22,9900
2012-02-23,9900
2012-02-24,9900
2012-02-25,9900
2012-02-26,9900
2012-02-27,9900
2012-02-28,9900
2012-02-29,9900
2012-03-01,9900
2012-03-02,9900
2012-03-03,9900
2012-03-04,9900
2012-03-05,9900
2012-03-06,9900
2012-03-07,9900
2012-03-08,9900
2012-03-09,10000
2012-03-10,10000
2012-03-11,10000
2012-03-12,10000
2012-03-13,10000
2012-03-14,10050
2012-03-15,10050
2012-03-16,10100
2012-03-17,10100
2012-03-18,10100
2012-03-19,10100
2012-03-20,10100
2012-03-21,10100
2012-03-22,10100
2012-03-23,10100
2012-03-24,10100
2012-03-25,10100
2012-03-26,10200
2012-03-27,10200
2012-03-28,10200
2012-03-29,10200
2012-03-30,10200
2012-03-31,10200
2012-04-01,10200
2012-04-02,10200
2012-04-03,10200
2012-04-04,10200
2012-04-05,10500
2012-04-06,10500
2012-04-07,10500
2012-04-08,10500
2012-04-09,10500
2012-04-10,10500
2012-04-11,10700
2012-04-12,10700
2012-04-13,10750
2012-04-14,10750
2012-04-15,10750
2012-04-16,10750
2012-04-17,10750
2012-04-18,10750
2012-04-19,10700
2012-04-20,10700
2012-04-21,10700
2012-04-22,10700
2012-04-23,10700
2012-04-24,10700
2012-04-25,10700
2012-04-26,10700
2012-04-27,10700
2012-04-28,10700
2012-04-29,10700
2012-04-30,10700
2012-05-01,10700
2012-05-02,10700
2012-05-03,10700
2012-05-04,10700
2012-05-05,10700
2012-05-06,10700
2012-05-07,10700
2012-05-08,10700
2012-05-09,10700
2012-05-10,10700
2012-05-11,10700
2012-05-12,10700
2012-05-13,10700
2012-05-14,10700
2012-05-15,10700
2012-05-16,10700
2012-05-17,10700
2012-05-18,10700
2012-05-19,10700
2012-05-20,10700
2012-05-21,10700
2012-05-22,10700
2012-05-23,10700
2012-05-24,10700
2012-05-25,10700
2012-05-26,10700
2012-05-27,10700
2012-05-28,10700
2012-05-29,10700
2012-05-30,10700
2012-05-31,10700
2012-06-01,10700
2012-06-02,10700
2012-06-03,10700
2012-06-04,10600
2012-06-05,10600
2012-06-06,10600
2012-06-07,10600
2012-06-08,10600
2012-06-09,10600
2012-06-10,10600
2012-06-11,10600
2012-06-12,10600
2012-06-13,10600
2012-06-14,10600
2012-06-15,10600
2012-06-16,10600
2012-06-17,10600
2012-06-18,10600
2012-06-19,10600
2012-06-20,10650
2012-06-21,10650
2012-06-22,10650
2012-06-23,10650
2012-06-24,10650
2012-06-25,10750
2012-06-26,10750
2012-06-27,10750
2012-06-28,10750
2012-06-29,10750
2012-06-30,10750
2012-07-01,10750
2012-07-02,10800
2012-07-03,10800
2012-07-04,10800
2012-07-05,10800
2012-07-06,10800
2012-07-07,10800
2012-07-08,10800
2012-07-09,10800
2012-07-10,10900
2012-07-11,10900
2012-07-12,10900
2012-07-13,10900
2012-07-14,10900
2012-07-15,10900
2012-07-16,11000
2012-07-17,11000
2012-07-18,11000
2012-07-19,11000
2012-07-20,11000
2012-07-21,11000
2012-07-22,11000
2012-07-23,11000
2012-07-24,11000
2012-07-25,11000
2012-07-26,11000
2012-07-27,11000
2012-07-28,11000
2012-07-29,11000
2012-07-30,11100
2012-07-31,11100
2012-08-01,11100
2012-08-02,11100
2012-08-03,11100
2012-08-04,11100
2012-08-05,11100
2012-08-06,11100
2012-08-07,11100
2012-08-08,11100
2012-08-09,11100
2012-08-10,11100
2012-08-11,11100
2012-08-12,11100
2012-08-13,11100
2012-08-14,11100
2012-08-15,11100
2012-08-16,11100
2012-08-17,11200
2012-08-18,11200
2012-08-19,11200
2012-08-20,11200
2012-08-21,11200
2012-08-22,11200
2012-08-23,11200
2012-08-24,11200
2012-08-25,11200
2012-08-26,11200
2012-08-27,11200
2012-08-28,11200
2012-08-29,11200
2012-08-30,11200
2012-08-31,11200
2012-09-01,11200
2012-09-02,11200
2012-09-03,11200
2012-09-04,11200
2012-09-05,11200
2012-09-06,11200
2012-09-07,11200
2012-09-08,11200
2012-09-09,11200
2012-09-10,11200
2012-09-11,11200
2012-09-12,11200
2012-09-13,11300
2012-09-14,11300
2012-09-15,11300
2012-09-16,11300
2012-09-17,11300
2012-09-18,11200
2012-09-19,11200
2012-09-20,11200
2012-09-21,11200
2012-09-22,11200
2012-09-23,11200
2012-09-24,11200
2012-09-25,11200
2012-09-26,11200
2012-09-27,11100
2012-09-28,11000
2012-09-29,11000
2012-09-30,11000
2012-10-01,11000
2012-10-02,11000
2012-10-03,11000
2012-10-04,11000
2012-10-05,11000
2012-10-06,11000
2012-10-07,11000
2012-10-08,11000
2012-10-09,11000
2012-10-10,11000
2012-10-11,11000
2012-10-12,10900
2012-10-13,10900
2012-10-14,10900
2012-10-15,10900
2012-10-16,10900
2012-10-17,10900
2012-10-18,10800
2012-10-19,10800
2012-10-20,10800
2012-10-21,10800
2012-10-22,10800
2012-10-23,10800
2012-10-24,10800
2012-10-25,10800
2012-10-26,10800
2012-10-27,10800
2012-10-28,10800
2012-10-29,10800
2012-10-30,10800
2012-10-31,10800
2012-11-01,10800
2012-11-02,10800
2012-11-03,10800
2012-11-04,10800
2012-11-05,10700
2012-11-06,10700
2012-11-07,10700
2012-11-08,10600
2012-11-09,10600
2012-11-10,10600
2012-11-11,10600
2012-11-12,10550
2012-11-13,10550
2012-11-14,10550
2012-11-15,10550
2012-11-16,10550
2012-11-17,10550
2012-11-18,10550
2012-11-19,10550
2012-11-20,10550
2012-11-21,10550
2012-11-22,10550
2012-11-23,10550
2012-11-24,10550
2012-11-25,10550
2012-11-26,10550
2012-11-27,10550
2012-11-28,10550
2012-11-29,10550
2012-11-30,10550
2012-12-01,10550
2012-12-02,10550
2012-12-03,10550
2012-12-04,10550
2012-12-05,10550
2012-12-06,10550
2012-12-07,10550
2012-12-08,10550
2012-12-09,10550
2012-12-10,10550
2012-12-11,10550
2012-12-12,10500
2012-12-13,10500
2012-12-14,10500
2012-12-15,10500
2012-12-16,10500
2012-12-17,10500
2012-12-18,10500
2012-12-19,10500
2012-12-20,10500
2012-12-21,10500
2012-12-22,10500
2012-12-23,10500
2012-12-24,10500
2012-12-25,10500
2012-12-26,10500
2012-12-27,10500
2012-12-28,10500
2012-12-29,10500
2012-12-30,10500
2012-12-31,10500
2013-01-01,10500
2013-01-02,10500
2013-01-03,10500
2013-01-04,10500
2013-01-05,10500
2013-01-06,10500
2013-01-07,10500
2013-01-08,10500
2013-01-09,10500
2013-01-10,10500
2013-01-11,10500
2013-01-12,10500
2013-01-13,10500
2013-01-14,10500
2013-01-15,10500
2013-01-16,10500
2013-01-17,10500
2013-01-18,10500
2013-01-19,10500
2013-01-20,10500
2013-01-21,10500
2013-01-22,10500
2013-01-23,10500
2013-01-24,10500
2013-01-25,10500
2013-01-26,10500
2013-01-27,10500
2013-01-28,10500
2013-01-29,10500
2013-01-30,10500
2013-01-31,10500
2013-02-01,10500
2013-02-02,10500
2013-02-03,10500
2013-02-04,10500
2013-02-05,10500
2013-02-06,10500
2013-02-07,10500
2013-02-08,10500
2013-02-09,10500
2013-02-10,10500
2013-02-11,10500
2013-02-12,10500
2013-02-13,10500
2013-02-14,10500
2013-02-15,10500
2013-02-16,10500
2013-02-17,10500
2013-02-18,10500
2013-02-19,10500
2013-02-20,10500
2013-02-21,10500
2013-02-22,10500
2013-02-23,10500
2013-02-24,10500
2013-02-25,10500
2013-02-26,10500
2013-02-27,10450
2013-02-28,10450
2013-03-01,10450
2013-03-02,10450
2013-03-03,10450
2013-03-04,10450
2013-03-05,10450
2013-03-06,10450
2013-03-07,10450
2013-03-08,10450
2013-03-09,10450
2013-03-10,10450
2013-03-11,10450
2013-03-12,10450
2013-03-13,10450
2013-03-14,10450
2013-03-15,10450
2013-03-16,10450
2013-03-17,10450
2013-03-18,10450
2013-03-19,10450
2013-03-20,10400
2013-03-21,10400
2013-03-22,10400
2013-03-23,10400
2013-03-24,10400
2013-03-25,10400
2013-03-26,10400
2013-03-27,10400
2013-03-28,10400
2013-03-29,10400
2013-03-30,10400
2013-03-31,10400
2013-04-01,10400
2013-04-02,10400
2013-04-03,10400
2013-04-04,10400
2013-04-05,10400
2013-04-06,10400
2013-04-07,10400
2013-04-08,10400
2013-04-09,10400
2013-04-10,10400
2013-04-11,10400
2013-04-12,10400
2013-04-13,10400
2013-04-14,10400
2013-04-15,10400
2013-04-16,10400
2013-04-17,10400
2013-04-18,10400
2013-04-19,10300
2013-04-20,10300
2013-04-21,10300
2013-04-22,10250
2013-04-23,10250
2013-04-24,10250
2013-04-25,10250
2013-04-26,10250
2013-04-27,10250
2013-04-28,10250
2013-04-29,10250
2013-04-30,10250
2013-05-01,10250
2013-05-02,10250
2013-05-03,10250
2013-05-04,10250
2013-05-05,10250
2013-05-06,10250
2013-05-07,10250
2013-05-08,10250
2013-05-09,10250
2013-05-10,10250
2013-05-11,10250
2013-05-12,10250
2013-05-13,10250
2013-05-14,10250
2013-05-15,10250
2013-05-16,10250
2013-05-17,10250
2013-05-18,10250
2013-05-19,10250
2013-05-20,10250
2013-05-21,10250
2013-05-22,10250
2013-05-23,10200
2013-05-24,10200
2013-05-25,10200
2013-05-26,10200
2013-05-27,10200
2013-05-28,10200
2013-05-29,10200
2013-05-30,10200
2013-05-31,10200
2013-06-01,10200
2013-06-02,10200
2013-06-03,10200
2013-06-04,10150
2013-06-05,10000
2013-06-06,10000
2013-06-07,10000
2013-06-08,10000
2013-06-09,10000
2013-06-10,10000
2013-06-11,10000
2013-06-12,10000
2013-06-13,10100
2013-06-14,10100
2013-06-15,10100
2013-06-16,10100
2013-06-17,10100
2013-06-18,10100
2013-06-19,10100
2013-06-20,10100
2013-06-21,10100
2013-06-22,10100
2013-06-23,10100
2013-06-24,10100
2013-06-25,10100
2013-06-26,10100
2013-06-27,10100
2013-06-28,10100
2013-06-29,10100
2013-06-30,10100
2013-07-01,10100
2013-07-02,10100
2013-07-03,9900
2013-07-04,9900
2013-07-05,9800
2013-07-06,9800
2013-07-07,9800
2013-07-08,9800
2013-07-09,9800
2013-07-10,9800
2013-07-11,9800
2013-07-12,9800
2013-07-13,9800
2013-07-14,9800
2013-07-15,9800
2013-07-16,9800
2013-07-17,9800
2013-07-18,9800
2013-07-19,9800
2013-07-20,9800
2013-07-21,9800
2013-07-22,9800
2013-07-23,9800
2013-07-24,9800
2013-07-25,9800
2013-07-26,9800
2013-07-27,9800
2013-07-28,9800
2013-07-29,9800
2013-07-30,9800
2013-07-31,9800
2013-08-01,9700
2013-08-02,9700
2013-08-03,9700
2013-08-04,9700
2013-08-05,9700
2013-08-06,9700
2013-08-07,9600
2013-08-08,9600
2013-08-09,9600
2013-08-10,9600
2013-08-11,9600
2013-08-12,9600
2013-08-13,9600
2013-08-14,9600
2013-08-15,9600
2013-08-16,9600
2013-08-17,9600
2013-08-18,9600
2013-08-19,9600
2013-08-20,9600
2013-08-21,9600
2013-08-22,9600
2013-08-23,9600
2013-08-24,9600
2013-08-25,9600
2013-08-26,9700
2013-08-27,9700
2013-08-28,9700
2013-08-29,9700
2013-08-30,9700
2013-08-31,9700
2013-09-01,9700
2013-09-02,9700
2013-09-03,9700
2013-09-04,9700
2013-09-05,9700
2013-09-06,9700
2013-09-07,9700
2013-09-08,9700
2013-09-09,9700
2013-09-10,9700
2013-09-11,9700
2013-09-12,9600
2013-09-13,9600
2013-09-14,9600
2013-09-15,9600
2013-09-16,9550
2013-09-17,9550
2013-09-18,9550
2013-09-19,9550
2013-09-20,9550
2013-09-21,9550
2013-09-22,9550
2013-09-23,9450
2013-09-24,9450
2013-09-25,9450
2013-09-26,9450
2013-09-27,9450
2013-09-28,9450
2013-09-29,9450
2013-09-30,9450
2013-10-01,9450
2013-10-02,9450
2013-10-03,9450
2013-10-04,9450
2013-10-05,9450
2013-10-06,9450
2013-10-07,9450
2013-10-08,9450
2013-10-09,9450
2013-10-10,9450
2013-10-11,9300
2013-10-12,9300
2013-10-13,9300
2013-10-14,9200
2013-10-15,9200
2013-10-16,9200
2013-10-17,9200
2013-10-18,9200
2013-10-19,9200
2013-10-20,9200
2013-10-21,9200
2013-10-22,9200
2013-10-23,9200
2013-10-24,9100
2013-10-25,9100
2013-10-26,9100
2013-10-27,9100
2013-10-28,9100
2013-10-29,9100
2013-10-30,9100
2013-10-31,9100
2013-11-01,9100
2013-11-02,9100
2013-11-03,9100
2013-11-04,9100
2013-11-05,9000
2013-11-06,9000
2013-11-07,9000
2013-11-08,9000
2013-11-09,9000
2013-11-10,9000
2013-11-11,9000
2013-11-12,9000
2013-11-13,9000
2013-11-14,8900
2013-11-15,8900
2013-11-16,8900
2013-11-17,8900
2013-11-18,8800
2013-11-19,8800
2013-11-20,8800
2013-11-21,8800
2013-11-22,8800
2013-11-23,8800
2013-11-24,8800
2013-11-25,8800
2013-11-26,8800
2013-11-27,8600
2013-11-28,8600
2013-11-29,8600
2013-11-30,8600
2013-12-01,8600
2013-12-02,8600
2013-12-03,8500
2013-12-04,8500
2013-12-05,8500
2013-12-06,8500
2013-12-07,8500
2013-12-08,8500
2013-12-09,8500
2013-12-10,8500
2013-12-11,8500
2013-12-12,8500
2013-12-13,8500
2013-12-14,8500
2013-12-15,8500
2013-12-16,8500
2013-12-17,8500
2013-12-18,8500
2013-12-19,8500
2013-12-20,8500
2013-12-21,8500
2013-12-22,8500
2013-12-23,8500
2013-12-24,8500
2013-12-25,8400
2013-12-26,8400
2013-12-27,8400
2013-12-28,8400
2013-12-29,8400
2013-12-30,8400
2013-12-31,8400
2014-01-01,8400
2014-01-02,8400
2014-01-03,8400
2014-01-04,8400
2014-01-05,8400
2014-01-06,8400
2014-01-07,8350
2014-01-08,8350
2014-01-09,8350
2014-01-10,8350
2014-01-11,8350
2014-01-12,8350
2014-01-13,8350
2014-01-14,8350
2014-01-15,8350
2014-01-16,8350
2014-01-17,8350
2014-01-18,8350
2014-01-19,8350
2014-01-20,8350
2014-01-21,8350
2014-01-22,8350
2014-01-23,8350
2014-01-24,8250
2014-01-25,8250
2014-01-26,8250
2014-01-27,8250
2014-01-28,8250
2014-01-29,8250
2014-01-30,8250
2014-01-31,8250
2014-02-01,8250
2014-02-02,8250
2014-02-03,8250
2014-02-04,8250
2014-02-05,8250
2014-02-06,8250
2014-02-07,8250
2014-02-08,8250
2014-02-09,8250
2014-02-10,8250
2014-02-11,8250
2014-02-12,8250
2014-02-13,8250
2014-02-14,8250
2014-02-15,8250
2014-02-16,8250
2014-02-17,8250
2014-02-18,8250
2014-02-19,8250
2014-02-20,8150
2014-02-21,8150
2014-02-22,8150
2014-02-23,8150
2014-02-24,8150
2014-02-25,8150
2014-02-26,8150
2014-02-27,8150
2014-02-28,8150
2014-03-01,8150
2014-03-02,8150
2014-03-03,8150
2014-03-04,8150
2014-03-05,8150
2014-03-06,8150
2014-03-07,8150
2014-03-08,8150
2014-03-09,8150
2014-03-10,8150
2014-03-11,8150
2014-03-12,8150
2014-03-13,8150
2014-03-14,8150
2014-03-15,8150
2014-03-16,8150
2014-03-17,8100
2014-03-18,8100
2014-03-19,8100
2014-03-20,8100
2014-03-21,8100
2014-03-22,8100
2014-03-23,8100
2014-03-24,8100
2014-03-25,7900
2014-03-26,7800
2014-03-27,7700
2014-03-28,7600
2014-03-29,7600
2014-03-30,7600
2014-03-31,7500
2014-04-01,7400
2014-04-02,7400
2014-04-03,7300
2014-04-04,7300
2014-04-05,7300
2014-04-06,7300
2014-04-07,7300
2014-04-08,7300
2014-04-09,7300
2014-04-10,7300
2014-04-11,7300
2014-04-12,7300
2014-04-13,7300
2014-04-14,7300
2014-04-15,7300
2014-04-16,7300
2014-04-17,7300
2014-04-18,7300
2014-04-19,7300
2014-04-20,7300
2014-04-21,7300
2014-04-22,7300
2014-04-23,7300
2014-04-24,7400
2014-04-25,7400
2014-04-26,7400
2014-04-27,7400
2014-04-28,7400
2014-04-29,7400
2014-04-30,7400
2014-05-01,7400
2014-05-02,7400
2014-05-03,7400
2014-05-04,7400
2014-05-05,7400
2014-05-06,7400
2014-05-07,7400
2014-05-08,7400
2014-05-09,7400
2014-05-10,7400
2014-05-11,7400
2014-05-12,7400
2014-05-13,7400
2014-05-14,7400
2014-05-15,7400
2014-05-16,7400
2014-05-17,7400
2014-05-18,7400
2014-05-19,7400
2014-05-20,7400
2014-05-21,7400
2014-05-22,7400
2014-05-23,7400
2014-05-24,7400
2014-05-25,7400
2014-05-26,7400
2014-05-27,7400
2014-05-28,7400
2014-05-29,7400
2014-05-30,7400
2014-05-31,7400
2014-06-01,7400
2014-06-02,7400
2014-06-03,7400
2014-06-04,7400
2014-06-05,7400
2014-06-06,7400
2014-06-07,7400
2014-06-08,7400
2014-06-09,7400
2014-06-10,7400
2014-06-11,7400
2014-06-12,7400
2014-06-13,7400
2014-06-14,7400
2014-06-15,7400
2014-06-16,7400
2014-06-17,7400
2014-06-18,7400
2014-06-19,7400
2014-06-20,7400
2014-06-21,7400
2014-06-22,7400
2014-06-23,7400
2014-06-24,7400
2014-06-25,7400
2014-06-26,7400
2014-06-27,7400
2014-06-28,7400
2014-06-29,7400
2014-06-30,7400
2014-07-01,7400
2014-07-02,7400
2014-07-03,7400
2014-07-04,7400
2014-07-05,7400
2014-07-06,7400
2014-07-07,7400
2014-07-08,7400
2014-07-09,7400
2014-07-10,7400
2014-07-11,7400
2014-07-12,7400
2014-07-13,7400
2014-07-14,7400
2014-07-15,7400
2014-07-16,7200
2014-07-17,7200
2014-07-18,7200
2014-07-19,7200
2014-07-20,7200
2014-07-21,7200
2014-07-22,7000
2014-07-23,6800
2014-07-24,6600
2014-07-25,6400
2014-07-26,6400
2014-07-27,6400
2014-07-28,6400
2014-07-29,6400
2014-07-30,6400
2014-07-31,6400
2014-08-01,6400
2014-08-02,6400
2014-08-03,6400
2014-08-04,6400
2014-08-05,6400
2014-08-06,6400
2014-08-07,6400
2014-08-08,6400
2014-08-09,6400
2014-08-10,6400
2014-08-11,6400
2014-08-12,6400
2014-08-13,6400
2014-08-14,6400
2014-08-15,6400
2014-08-16,6400
2014-08-17,6400
2014-08-18,6300
2014-08-19,6300
2014-08-20,6300
2014-08-21,6300
2014-08-22,6300
2014-08-23,6300
2014-08-24,6300
2014-08-25,6200
2014-08-26,6250
2014-08-27,6300
2014-08-28,6300
2014-08-29,6300
2014-08-30,6300
2014-08-31,6300
2014-09-01,6250
2014-09-02,6250
2014-09-03,6250
2014-09-04,6250
2014-09-05,6250
2014-09-06,6250
2014-09-07,6250
2014-09-08,6250
2014-09-09,6250
2014-09-10,6200
2014-09-11,6150
2014-09-12,6200
2014-09-13,6200
2014-09-14,6200
2014-09-15,6200
2014-09-16,6300
2014-09-17,6300
2014-09-18,6300
2014-09-19,6250
2014-09-20,6250
2014-09-21,6250
2014-09-22,6230
2014-09-23,6130
2014-09-24,6130
2014-09-25,6130
2014-09-26,6180
2014-09-27,6180
2014-09-28,6180
2014-09-29,6150
2014-09-30,6150
2014-10-01,6150
2014-10-02,6150
2014-10-03,6150
2014-10-04,6150
2014-10-05,6150
2014-10-06,6150
2014-10-07,6150
2014-10-08,6150
2014-10-09,6130
2014-10-10,6130
2014-10-11,6130
2014-10-12,6130
2014-10-13,6130
2014-10-14,6150
2014-10-15,6150
2014-10-16,6100
2014-10-17,6100
2014-10-18,6100
2014-10-19,6100
2014-10-20,6050
2014-10-21,6050
2014-10-22,6050
2014-10-23,6080
2014-10-24,6100
2014-10-25,6100
2014-10-26,6100
2014-10-27,6050
2014-10-28,6050
2014-10-29,6080
2014-10-30,6120
2014-10-31,6120
2014-11-01,6120
2014-11-02,6120
2014-11-03,6150
2014-11-04,6100
2014-11-05,6100
2014-11-06,6050
2014-11-07,6050
2014-11-08,6050
2014-11-09,6050
2014-11-10,6050
2014-11-11,6050
2014-11-12,6050
2014-11-13,6100
2014-11-14,6100
2014-11-15,6100
2014-11-16,6100
2014-11-17,6100
2014-11-18,6100
2014-11-19,6100
2014-11-20,6100
2014-11-21,6100
2014-11-22,6100
2014-11-23,6100
2014-11-24,6100
2014-11-25,6150
2014-11-26,6150
2014-11-27,6150
2014-11-28,6150
2014-11-29,6150
2014-11-30,6150
2014-12-01,5900
2014-12-02,5950
2014-12-03,5900
2014-12-04,5950
2014-12-05,5950
2014-12-06,5950
2014-12-07,5950
2014-12-08,5950
2014-12-09,5950
2014-12-10,6000
2014-12-11,6000
2014-12-12,6000
2014-12-13,6000
2014-12-14,6000
2014-12-15,6000
2014-12-16,5980
2014-12-17,5960
2014-12-18,5940
2014-12-19,5940
2014-12-20,5940
2014-12-21,5940
2014-12-22,5940
2014-12-23,5920
2014-12-24,5900
2014-12-25,5880
2014-12-26,5880
2014-12-27,5880
2014-12-28,5880
2014-12-29,6000
2014-12-30,6000
2014-12-31,6030
2015-01-01,6030
2015-01-02,6030
2015-01-03,6030
2015-01-04,6030
2015-01-05,6000
2015-01-06,6050
2015-01-07,6050
2015-01-08,6100
2015-01-09,6130
2015-01-10,6130
2015-01-11,6130
2015-01-12,6150
2015-01-13,6120
2015-01-14,6080
2015-01-15,6080
2015-01-16,6050
2015-01-17,6050
2015-01-18,6050
2015-01-19,6100
2015-01-20,6100
2015-01-21,6100
2015-01-22,6100
2015-01-23,6100
2015-01-24,6100
2015-01-25,6100
2015-01-26,6100
2015-01-27,6120
2015-01-28,6100
2015-01-29,6080
2015-01-30,6050
2015-01-31,6050
2015-02-01,6050
2015-02-02,6080
2015-02-03,6080
2015-02-04,6080
2015-02-05,6080
2015-02-06,6120
2015-02-07,6120
2015-02-08,6120
2015-02-09,6100
2015-02-10,6100
2015-02-11,6100
2015-02-12,6100
2015-02-13,6100
2015-02-14,6100
2015-02-15,6100
2015-02-16,6100
2015-02-17,6100
2015-02-18,6100
2015-02-19,6100
2015-02-20,6100
2015-02-21,6100
2015-02-22,6100
2015-02-23,6100
2015-02-24,6100
2015-02-25,6100
2015-02-26,6100
2015-02-27,6100
2015-02-28,6100
2015-03-01,6100
2015-03-02,6250
2015-03-03,6250
2015-03-04,6250
2015-03-05,6150
2015-03-06,6120
2015-03-07,6120
2015-03-08,6120
2015-03-09,6100
2015-03-10,6100
2015-03-11,6120
2015-03-12,6120
2015-03-13,6120
2015-03-14,6120
2015-03-15,6120
2015-03-16,6120
2015-03-17,6080
2015-03-18,6080
2015-03-19,6180
2015-03-20,6180
2015-03-21,6180
2015-03-22,6180
2015-03-23,6180
2015-03-24,6180
2015-03-25,6180
2015-03-26,6140
2015-03-27,6140
2015-03-28,6140
2015-03-29,6140
2015-03-30,6100
2015-03-31,6100
2015-04-01,6100
2015-04-02,6100
2015-04-03,6100
2015-04-04,6100
2015-04-05,6100
2015-04-06,6100
2015-04-07,6120
2015-04-08,6120
2015-04-09,6120
2015-04-10,6100
2015-04-11,6100
2015-04-12,6100
2015-04-13,6100
2015-04-14,6120
2015-04-15,6100
2015-04-16,6120
2015-04-17,6160
2015-04-18,6160
2015-04-19,6160
2015-04-20,6180
2015-04-21,6180
2015-04-22,6180
2015-04-23,6180
2015-04-24,6200
2015-04-25,6200
2015-04-26,6200
2015-04-27,6200
2015-04-28,6200
2015-04-29,6200
2015-04-30,6200
2015-05-01,6200
2015-05-02,6200
2015-05-03,6200
2015-05-04,6200
2015-05-05,6220
2015-05-06,6250
2015-05-07,6250
2015-05-08,6220
2015-05-09,6220
2015-05-10,6220
2015-05-11,6220
2015-05-12,6220
2015-05-13,6220
2015-05-14,6200
2015-05-15,6200
2015-05-16,6200
2015-05-17,6200
2015-05-18,6200
2015-05-19,6200
2015-05-20,6150
2015-05-21,6100
2015-05-22,6100
2015-05-23,6100
2015-05-24,6100
2015-05-25,6000
2015-05-26,6000
2015-05-27,6000
2015-05-28,6000
2015-05-29,6000
2015-05-30,6000
2015-05-31,6000
2015-06-01,6100
2015-06-02,6150
2015-06-03,6100
2015-06-04,6100
2015-06-05,6060
2015-06-06,6060
2015-06-07,6060
2015-06-08,6060
2015-06-09,6060
2015-06-10,6060
2015-06-11,6060
2015-06-12,6000
2015-06-13,6000
2015-06-14,6000
2015-06-15,6000
2015-06-16,6050
2015-06-17,6100
2015-06-18,6100
2015-06-19,6100
2015-06-20,6100
2015-06-21,6100
2015-06-22,6100
2015-06-23,6050
2015-06-24,6050
2015-06-25,6050
2015-06-26,6050
2015-06-27,6050
2015-06-28,6050
2015-06-29,6050
2015-06-30,6050
2015-07-01,6100
2015-07-02,6100
2015-07-03,6100
2015-07-04,6100
2015-07-05,6100
2015-07-06,6100
2015-07-07,6050
2015-07-08,6050
2015-07-09,6000
2015-07-10,6000
2015-07-11,6000
2015-07-12,6000
2015-07-13,6050
2015-07-14,6050
2015-07-15,6050
2015-07-16,6050
2015-07-17,6050
2015-07-18,6050
2015-07-19,6050
2015-07-20,6050
2015-07-21,6050
2015-07-22,6050
2015-07-23,6050
2015-07-24,6050
2015-07-25,6050
2015-07-26,6050
2015-07-27,6020
2015-07-28,6020
2015-07-29,6060
2015-07-30,6060
2015-07-31,6060
2015-08-01,6060
2015-08-02,6060
2015-08-03,6020
2015-08-04,6020
2015-08-05,6000
2015-08-06,6000
2015-08-07,6000
2015-08-08,6000
2015-08-09,6000
2015-08-10,6000
2015-08-11,6000
2015-08-12,6000
2015-08-13,6000
2015-08-14,6000
2015-08-15,6000
2015-08-16,6000
2015-08-17,6000
2015-08-18,5960
2015-08-19,5940
2015-08-20,5940
2015-08-21,5940
2015-08-22,5940
2015-08-23,5940
2015-08-24,5940
2015-08-25,5860
2015-08-26,5800
2015-08-27,5800
2015-08-28,5900
2015-08-29,5900
2015-08-30,5900
2015-08-31,5900
2015-09-01,5900
2015-09-02,5850
2015-09-03,5850
2015-09-04,5850
2015-09-05,5850
2015-09-06,5850
2015-09-07,5850
2015-09-08,5850
2015-09-09,5850
2015-09-10,5850
2015-09-11,5850
2015-09-12,5850
2015-09-13,5850
2015-09-14,5850
2015-09-15,5900
2015-09-16,5900
2015-09-17,5900
2015-09-18,5900
2015-09-19,5900
2015-09-20,5900
2015-09-21,5900
2015-09-22,5900
2015-09-23,5900
2015-09-24,5850
2015-09-25,5850
2015-09-26,5850
2015-09-27,5850
2015-09-28,5850
2015-09-29,5850
2015-09-30,5850
2015-10-01,5850
2015-10-02,5850
2015-10-03,5850
2015-10-04,5850
2015-10-05,5850
2015-10-06,5850
2015-10-07,5850
2015-10-08,5850
2015-10-09,5850
2015-10-10,5850
2015-10-11,5850
2015-10-12,5950
2015-10-13,5950
2015-10-14,5950
2015-10-15,5950
2015-10-16,5950
2015-10-17,5950
2015-10-18,5950
2015-10-19,5950
2015-10-20,5950
2015-10-21,5950
2015-10-22,5950
2015-10-23,5950
2015-10-24,5950
2015-10-25,5950
2015-10-26,5950
2015-10-27,5950
2015-10-28,5900
2015-10-29,5900
2015-10-30,5900
2015-10-31,5900
2015-11-01,5900
2015-11-02,5900
2015-11-03,5900
2015-11-04,5900
2015-11-05,5920
2015-11-06,5920
2015-11-07,5920
2015-11-08,5920
2015-11-09,5920
2015-11-10,5920
2015-11-11,5920
2015-11-12,5920
2015-11-13,5920
2015-11-14,5920
2015-11-15,5920
2015-11-16,5920
2015-11-17,5920
2015-11-18,5880
2015-11-19,5880
2015-11-20,5880
2015-11-21,5880
2015-11-22,5880
2015-11-23,5880
2015-11-24,5940
2015-11-25,5940
2015-11-26,5940
2015-11-27,5940
2015-11-28,5940
2015-11-29,5940
2015-11-30,5940
2015-12-01,5980
2015-12-02,5980
2015-12-03,5980
2015-12-04,5980
2015-12-05,5980
2015-12-06,5980
2015-12-07,6140
2015-12-08,6100
2015-12-09,6100
2015-12-10,6100
2015-12-11,6100
2015-12-12,6100
2015-12-13,6100
2015-12-14,6100
2015-12-15,6100
2015-12-16,6100
2015-12-17,6100
2015-12-18,6100
2015-12-19,6100
2015-12-20,6100
2015-12-21,6100
2015-12-22,6100
2015-12-23,6100
2015-12-24,6100
2015-12-25,6100
2015-12-26,6100
2015-12-27,6100
2015-12-28,6100
2015-12-29,6100
2015-12-30,6100
2015-12-31,6100
2016-01-01,6100
2016-01-02,6100
2016-01-03,6100
2016-01-04,6100
2016-01-05,6050
2016-01-06,6050
2016-01-07,6050
2016-01-08,6000
2016-01-09,6000
2016-01-10,6000
2016-01-11,5900
2016-01-12,5800
2016-01-13,5800
2016-01-14,5800
2016-01-15,5800
2016-01-16,5800
2016-01-17,5800
2016-01-18,5800
2016-01-19,5820
2016-01-20,5820
2016-01-21,5820
2016-01-22,5820
2016-01-23,5820
2016-01-24,5820
2016-01-25,5820
2016-01-26,5850
2016-01-27,5850
2016-01-28,5850
2016-01-29,5850
2016-01-30,5850
2016-01-31,5850
2016-02-01,5850
2016-02-02,5850
2016-02-03,5850
2016-02-04,5850
2016-02-05,5850
2016-02-06,5850
2016-02-07,5850
2016-02-08,5850
2016-02-09,5850
2016-02-10,5850
2016-02-11,5850
2016-02-12,5850
2016-02-13,5850
2016-02-14,5850
2016-02-15,5870
2016-02-16,5950
2016-02-17,5870
2016-02-18,5870
2016-02-19,5850
2016-02-20,5850
2016-02-21,5850
2016-02-22,5850
2016-02-23,5830
2016-02-24,5810
2016-02-25,5800
2016-02-26,5780
2016-02-27,5780
2016-02-28,5780
2016-02-29,5760
2016-03-01,5760
2016-03-02,5760
2016-03-03,5760
2016-03-04,5760
2016-03-05,5760
2016-03-06,5760
2016-03-07,5760
2016-03-08,5760
2016-03-09,5760
2016-03-10,5760
2016-03-11,5760
2016-03-12,5760
2016-03-13,5760
2016-03-14,5760
2016-03-15,5760
2016-03-16,5760
2016-03-17,5760
2016-03-18,5820
2016-03-19,5820
2016-03-20,5820
2016-03-21,5840
2016-03-22,5880
2016-03-23,5880
2016-03-24,5880
2016-03-25,5860
2016-03-26,5860
2016-03-27,5860
2016-03-28,5860
2016-03-29,5860
2016-03-30,5840
2016-03-31,5800
2016-04-01,5850
2016-04-02,5850
2016-04-03,5850
2016-04-04,5850
2016-04-05,5850
2016-04-06,5820
2016-04-07,5820
2016-04-08,5820
2016-04-09,5820
2016-04-10,5820
2016-04-11,5870
2016-04-12,5870
2016-04-13,5950
2016-04-14,5950
2016-04-15,5950
2016-04-16,5950
2016-04-17,5950
2016-04-18,5900
2016-04-19,5950
2016-04-20,6050
2016-04-21,6150
2016-04-22,6150
2016-04-23,6150
2016-04-24,6150
2016-04-25,6150
2016-04-26,6150
2016-04-27,6150
2016-04-28,6100
2016-04-29,6100
2016-04-30,6100
2016-05-01,6100
2016-05-02,6100
2016-05-03,6050
2016-05-04,6050
2016-05-05,6050
2016-05-06,6000
2016-05-07,6000
2016-05-08,6000
2016-05-09,6050
2016-05-10,6050
2016-05-11,6150
2016-05-12,6150
2016-05-13,6000
2016-05-14,6000
2016-05-15,6000
2016-05-16,6000
2016-05-17,6050
2016-05-18,6050
2016-05-19,6050
2016-05-20,6050
2016-05-21,6050
2016-05-22,6050
2016-05-23,6050
2016-05-24,5950
2016-05-25,5950
2016-05-26,5950
2016-05-27,5950
2016-05-28,5950
2016-05-29,5950
2016-05-30,6050
2016-05-31,6100
2016-06-01,6100
2016-06-02,6100
2016-06-03,6150
2016-06-04,6150
2016-06-05,6150
2016-06-06,6200
2016-06-07,6200
2016-06-08,6200
2016-06-09,6200
2016-06-10,6200
2016-06-11,6200
2016-06-12,6200
2016-06-13,6200
2016-06-14,6150
2016-06-15,6150
2016-06-16,6100
2016-06-17,6100
2016-06-18,6100
2016-06-19,6100
2016-06-20,6100
2016-06-21,6100
2016-06-22,6100
2016-06-23,6100
2016-06-24,6100
2016-06-25,6100
2016-06-26,6100
2016-06-27,6100
2016-06-28,6150
2016-06-29,6150
2016-06-30,6150
2016-07-01,6150
2016-07-02,6150
2016-07-03,6150
2016-07-04,6200
2016-07-05,6200
2016-07-06,6200
2016-07-07,6100
2016-07-08,6100
2016-07-09,6100
2016-07-10,6100
2016-07-11,6150
2016-07-12,6150
2016-07-13,6150
2016-07-14,6150
2016-07-15,6100
2016-07-16,6100
2016-07-17,6100
2016-07-18,6100
2016-07-19,6100
2016-07-20,6050
2016-07-21,6100
2016-07-22,6100
2016-07-23,6100
2016-07-24,6100
2016-07-25,6100
2016-07-26,6000
2016-07-27,6000
2016-07-28,6000
2016-07-29,6000
2016-07-30,6000
2016-07-31,6000
2016-08-01,6050
2016-08-02,6050
2016-08-03,6050
2016-08-04,6100
2016-08-05,6100
2016-08-06,6100
2016-08-07,6100
2016-08-08,6100
2016-08-09,6150
2016-08-10,6150
2016-08-11,6120
2016-08-12,6120
2016-08-13,6120
2016-08-14,6120
2016-08-15,6170
2016-08-16,6300
2016-08-17,6300
2016-08-18,6350
2016-08-19,6350
2016-08-20,6350
2016-08-21,6350
2016-08-22,6350
2016-08-23,6300
2016-08-24,6300
2016-08-25,6300
2016-08-26,6300
2016-08-27,6300
2016-08-28,6300
2016-08-29,6300
2016-08-30,6300
2016-08-31,6200
2016-09-01,6200
2016-09-02,6200
2016-09-03,6200
2016-09-04,6200
2016-09-05,6200
2016-09-06,6200
2016-09-07,6200
2016-09-08,6200
2016-09-09,6200
2016-09-10,6200
2016-09-11,6200
2016-09-12,6200
2016-09-13,6200
2016-09-14,6200
2016-09-15,6200
2016-09-16,6200
2016-09-17,6200
2016-09-18,6200
2016-09-19,6200
2016-09-20,6350
2016-09-21,6350
2016-09-22,6350
2016-09-23,6350
2016-09-24,6350
2016-09-25,6350
2016-09-26,6350
2016-09-27,6350
2016-09-28,6300
2016-09-29,6300
2016-09-30,6250
2016-10-01,6250
2016-10-02,6250
2016-10-03,6250
2016-10-04,6250
2016-10-05,6250
2016-10-06,6250
2016-10-07,6250
2016-10-08,6250
2016-10-09,6250
2016-10-10,6250
2016-10-11,6280
2016-10-12,6320
2016-10-13,6350
2016-10-14,6350
2016-10-15,6350
2016-10-16,6350
2016-10-17,6550
2016-10-18,6700
2016-10-19,6700
2016-10-20,6800
2016-10-21,6800
2016-10-22,6800
2016-10-23,6800
2016-10-24,6850
2016-10-25,6900
2016-10-26,6900
2016-10-27,6900
2016-10-28,6900
2016-10-29,6900
2016-10-30,6900
2016-10-31,6900
2016-11-01,6900
2016-11-02,6900
2016-11-03,6900
2016-11-04,6900
2016-11-05,6900
2016-11-06,6900
2016-11-07,6900
2016-11-08,7000
2016-11-09,7000
2016-11-10,7000
2016-11-11,7050
2016-11-12,7050
2016-11-13,7050
2016-11-14,7000
2016-11-15,7000
2016-11-16,7000
2016-11-17,7000
2016-11-18,7000
2016-11-19,7000
2016-11-20,7000
2016-11-21,7000
2016-11-22,7000
2016-11-23,7000
2016-11-24,7100
2016-11-25,7100
2016-11-26,7100
2016-11-27,7100
2016-11-28,7300
2016-11-29,7300
2016-11-30,7350
2016-12-01,7400
2016-12-02,7400
2016-12-03,7400
2016-12-04,7400
2016-12-05,7400
2016-12-06,7400
2016-12-07,7400
2016-12-08,7400
2016-12-09,7400
2016-12-10,7400
2016-12-11,7400
2016-12-12,7450
2016-12-13,7450
2016-12-14,7450
2016-12-15,7450
2016-12-16,7500
2016-12-17,7500
2016-12-18,7500
2016-12-19,7500
2016-12-20,7450
2016-12-21,7450
2016-12-22,7450
2016-12-23,7400
2016-12-24,7400
2016-12-25,7400
2016-12-26,7350
2016-12-27,7350
2016-12-28,7350
2016-12-29,7350
2016-12-30,7350
2016-12-31,7350
2017-01-01,7350
2017-01-02,7350
2017-01-03,7350
2017-01-04,7350
2017-01-05,7350
2017-01-06,7350
2017-01-07,7350
2017-01-08,7350
2017-01-09,7350
2017-01-10,7350
2017-01-11,7350
2017-01-12,7350
2017-01-13,7350
2017-01-14,7350
2017-01-15,7350
2017-01-16,7350
2017-01-17,7350
2017-01-18,7350
2017-01-19,7350
2017-01-20,7350
2017-01-21,7350
2017-01-22,7350
2017-01-23,7350
2017-01-24,7350
2017-01-25,7350
2017-01-26,7350
2017-01-27,7350
2017-01-28,7350
2017-01-29,7350
2017-01-30,7350
2017-01-31,7350
2017-02-01,7350
2017-02-02,7350
2017-02-03,7350
2017-02-04,7350
2017-02-05,7350
2017-02-06,7350
2017-02-07,7350
2017-02-08,7350
2017-02-09,7350
2017-02-10,7350
2017-02-11,7350
2017-02-12,7350
2017-02-13,7350
2017-02-14,7350
2017-02-15,7300
2017-02-16,7300
2017-02-17,7250
2017-02-18,7250
2017-02-19,7250
2017-02-20,7200
2017-02-21,7200
2017-02-22,7200
2017-02-23,7150
2017-02-24,7100
2017-02-25,7100
2017-02-26,7100
2017-02-27,7100
2017-02-28,7100
2017-03-01,7100
2017-03-02,7100
2017-03-03,7100
2017-03-04,7100
2017-03-05,7100
2017-03-06,7050
2017-03-07,7000
2017-03-08,6950
2017-03-09,6850
2017-03-10,6750
2017-03-11,6750
2017-03-12,6750
2017-03-13,6750
2017-03-14,6750
2017-03-15,6700
2017-03-16,6650
2017-03-17,6650
2017-03-18,6650
2017-03-19,6650
2017-03-20,6650
2017-03-21,6650
2017-03-22,6650
2017-03-23,6600
2017-03-24,6500
2017-03-25,6500
2017-03-26,6500
2017-03-27,6350
2017-03-28,6350
2017-03-29,6350
2017-03-30,6300
2017-03-31,6250
2017-04-01,6250
2017-04-02,6250
2017-04-03,6250
2017-04-04,6250
2017-04-05,6200
2017-04-06,6200
2017-04-07,6150
2017-04-08,6150
2017-04-09,6150
2017-04-10,6150
2017-04-11,6150
2017-04-12,6100
2017-04-13,6100
2017-04-14,6100
2017-04-15,6100
2017-04-16,6100
2017-04-17,6150
2017-04-18,6150
2017-04-19,6050
2017-04-20,6050
2017-04-21,6050
2017-04-22,6050
2017-04-23,6050
2017-04-24,6050
2017-04-25,6050
2017-04-26,6050
2017-04-27,6100
2017-04-28,6100
2017-04-29,6100
2017-04-30,6100
2017-05-01,6100
2017-05-02,6150
2017-05-03,6150
2017-05-04,6150
2017-05-05,6150
2017-05-06,6150
2017-05-07,6150
2017-05-08,6200
2017-05-09,6200
2017-05-10,6200
2017-05-11,6200
2017-05-12,6200
2017-05-13,6200
2017-05-14,6200
2017-05-15,6250
2017-05-16,6350
2017-05-17,6350
2017-05-18,6300
2017-05-19,6300
2017-05-20,6300
2017-05-21,6300
2017-05-22,6300
2017-05-23,6300
2017-05-24,6250
2017-05-25,6250
2017-05-26,6200
2017-05-27,6200
2017-05-28,6200
2017-05-29,6200
2017-05-30,6200
2017-05-31,6050
2017-06-01,6050
2017-06-02,6050
2017-06-03,6050
2017-06-04,6050
2017-06-05,6050
2017-06-06,6050
2017-06-07,6050
2017-06-08,6050
2017-06-09,6050
2017-06-10,6050
2017-06-11,6050
2017-06-12,6100
2017-06-13,6100
2017-06-14,6150
2017-06-15,6150
2017-06-16,6200
2017-06-17,6200
2017-06-18,6200
2017-06-19,6300
2017-06-20,6300
2017-06-21,6300
2017-06-22,6280
2017-06-23,6280
2017-06-24,6280
2017-06-25,6280
2017-06-26,6300
2017-06-27,6300
2017-06-28,6350
2017-06-29,6350
2017-06-30,6350
2017-07-01,6350
2017-07-02,6350
2017-07-03,6400
2017-07-04,6400
2017-07-05,6400
2017-07-06,6400
2017-07-07,6400
2017-07-08,6400
2017-07-09,6400
2017-07-10,6500
2017-07-11,6550
2017-07-12,6550
2017-07-13,6550
2017-07-14,6450
2017-07-15,6450
2017-07-16,6450
2017-07-17,6450
2017-07-18,6450
2017-07-19,6450
2017-07-20,6500
2017-07-21,6500
2017-07-22,6500
2017-07-23,6500
2017-07-24,6450
2017-07-25,6500
2017-07-26,6500
2017-07-27,6500
2017-07-28,6500
2017-07-29,6500
2017-07-30,6500
2017-07-31,6500
2017-08-01,6500
2017-08-02,6500
2017-08-03,6500
2017-08-04,6450
2017-08-05,6450
2017-08-06,6450
2017-08-07,6500
2017-08-08,6500
2017-08-09,6550
2017-08-10,6550
2017-08-11,6600
2017-08-12,6600
2017-08-13,6600
2017-08-14,6600
2017-08-15,6650
2017-08-16,6600
2017-08-17,6600
2017-08-18,6650
2017-08-19,6650
2017-08-20,6650
2017-08-21,6650
2017-08-22,6750
2017-08-23,6800
2017-08-24,6800
2017-08-25,6800
2017-08-26,6800
2017-08-27,6800
2017-08-28,6800
2017-08-29,6800
2017-08-30,6800
2017-08-31,6800
2017-09-01,6850
2017-09-02,6850
2017-09-03,6850
2017-09-04,6880
2017-09-05,6880
2017-09-06,6880
2017-09-07,6850
2017-09-08,6850
2017-09-09,6850
2017-09-10,6850
2017-09-11,6850
2017-09-12,6850
2017-09-13,6850
2017-09-14,6850
2017-09-15,6880
2017-09-16,6880
2017-09-17,6880
2017-09-18,6840
2017-09-19,6840
2017-09-20,6840
2017-09-21,6840
2017-09-22,6800
2017-09-23,6800
2017-09-24,6800
2017-09-25,6750
2017-09-26,6730
2017-09-27,6700
2017-09-28,6650
2017-09-29,6650
2017-09-30,6650
2017-10-01,6650
2017-10-02,6650
2017-10-03,6650
2017-10-04,6650
2017-10-05,6650
2017-10-06,6650
2017-10-07,6650
2017-10-08,6650
2017-10-09,6700
2017-10-10,6670
2017-10-11,6670
2017-10-12,6700
2017-10-13,6750
2017-10-14,6750
2017-10-15,6750
2017-10-16,6750
2017-10-17,6800
2017-10-18,6800
2017-10-19,6800
2017-10-20,6770
2017-10-21,6770
2017-10-22,6770
2017-10-23,6770
2017-10-24,6800
2017-10-25,6800
2017-10-26,6830
2017-10-27,6880
2017-10-28,6880
2017-10-29,6880
2017-10-30,6930
2017-10-31,6930
2017-11-01,6900
2017-11-02,6900
2017-11-03,6900
2017-11-04,6900
2017-11-05,6900
2017-11-06,6900
2017-11-07,6900
2017-11-08,6900
2017-11-09,6920
2017-11-10,6900
2017-11-11,6900
2017-11-12,6900
2017-11-13,6850
2017-11-14,6800
2017-11-15,6750
2017-11-16,6750
2017-11-17,6750
2017-11-18,6750
2017-11-19,6750
2017-11-20,6720
2017-11-21,6720
2017-11-22,6750
2017-11-23,6750
2017-11-24,6770
2017-11-25,6770
2017-11-26,6770
2017-11-27,6730
2017-11-28,6730
2017-11-29,6700
2017-11-30,6720
2017-12-01,6720
2017-12-02,6720
2017-12-03,6720
2017-12-04,6700
2017-12-05,6650
2017-12-06,6650
2017-12-07,6620
2017-12-08,6620
2017-12-09,6620
2017-12-10,6620
2017-12-11,6620
2017-12-12,6620
2017-12-13,6620
2017-12-14,6620
2017-12-15,6620
2017-12-16,6620
2017-12-17,6620
2017-12-18,6620
2017-12-19,6600
2017-12-20,6600
2017-12-21,6550
2017-12-22,6470
2017-12-23,6470
2017-12-24,6470
2017-12-25,6470
2017-12-26,6470
2017-12-27,6470
2017-12-28,6450
2017-12-29,6420
2017-12-30,6420
2017-12-31,6420
2018-01-01,6420
2018-01-02,6520
2018-01-03,6550
2018-01-04,6600
2018-01-05,6650
2018-01-06,6650
2018-01-07,6650
2018-01-08,6650
2018-01-09,6650
2018-01-10,6620
2018-01-11,6600
2018-01-12,6550
2018-01-13,6550
2018-01-14,6550
2018-01-15,6550
2018-01-16,6500
2018-01-17,6450
2018-01-18,6450
2018-01-19,6450
2018-01-20,6450
2018-01-21,6450
2018-01-22,6450
2018-01-23,6480
2018-01-24,6500
2018-01-25,6500
2018-01-26,6530
2018-01-27,6530
2018-01-28,6530
2018-01-29,6550
2018-01-30,6520
2018-01-31,6520
2018-02-01,6500
2018-02-02,6470
2018-02-03,6470
2018-02-04,6470
2018-02-05,6450
2018-02-06,6450
2018-02-07,6450
2018-02-08,6450
2018-02-09,6450
2018-02-10,6450
2018-02-11,6450
2018-02-12,6450
2018-02-13,6450
2018-02-14,6450
2018-02-15,6450
2018-02-16,6450
2018-02-17,6450
2018-02-18,6450
2018-02-19,6450
2018-02-20,6450
2018-02-21,6450
2018-02-22,6450
2018-02-23,6450
2018-02-24,6450
2018-02-25,6450
2018-02-26,6470
2018-02-27,6470
2018-02-28,6470
2018-03-01,6470
2018-03-02,6520
2018-03-03,6520
2018-03-04,6520
2018-03-05,6470
2018-03-06,6470
2018-03-07,6470
2018-03-08,6440
2018-03-09,6440
2018-03-10,6440
2018-03-11,6440
2018-03-12,6440
2018-03-13,6490
2018-03-14,6550
2018-03-15,6500
2018-03-16,6550
2018-03-17,6550
2018-03-18,6550
2018-03-19,6550
2018-03-20,6520
2018-03-21,6520
2018-03-22,6520
2018-03-23,6520
2018-03-24,6520
2018-03-25,6520
2018-03-26,6520
2018-03-27,6500
2018-03-28,6480
2018-03-29,6450
2018-03-30,6450
2018-03-31,6450
2018-04-01,6450
2018-04-02,6500
2018-04-03,6520
2018-04-04,6550
2018-04-05,6550
2018-04-06,6550
2018-04-07,6550
2018-04-08,6550
2018-04-09,6600
2018-04-10,6550
2018-04-11,6550
2018-04-12,6550
2018-04-13,6500
2018-04-14,6500
2018-04-15,6500
2018-04-16,6500
2018-04-17,6450
2018-04-18,6450
2018-04-19,6450
2018-04-20,6500
2018-04-21,6500
2018-04-22,6500
2018-04-23,6500
2018-04-24,6500
2018-04-25,6500
2018-04-26,6500
2018-04-27,6500
2018-04-28,6500
2018-04-29,6500
2018-04-30,6500
2018-05-01,6500
2018-05-02,6500
2018-05-03,6500
2018-05-04,6500
2018-05-05,6500
2018-05-06,6500
2018-05-07,6550
2018-05-08,6550
2018-05-09,6620
2018-05-10,6640
2018-05-11,6640
2018-05-12,6640
2018-05-13,6640
2018-05-14,6640
2018-05-15,6640
2018-05-16,6580
2018-05-17,6530
2018-05-18,6550
2018-05-19,6550
2018-05-20,6550
2018-05-21,6650
2018-05-22,6650
2018-05-23,6620
2018-05-24,6670
2018-05-25,6700
2018-05-26,6700
2018-05-27,6700
2018-05-28,6650
2018-05-29,6650
2018-05-30,6800
2018-05-31,6850
2018-06-01,6850
2018-06-02,6850
2018-06-03,6850
2018-06-04,6900
2018-06-05,6800
2018-06-06,6750
2018-06-07,6720
2018-06-08,6680
2018-06-09,6680
2018-06-10,6680
2018-06-11,6650
2018-06-12,6650
2018-06-13,6600
2018-06-14,6650
2018-06-15,6670
2018-06-16,6670
2018-06-17,6670
2018-06-18,6670
2018-06-19,6670
2018-06-20,6470
2018-06-21,6500
2018-06-22,6470
2018-06-23,6470
2018-06-24,6470
2018-06-25,6470
2018-06-26,6450
2018-06-27,6450
2018-06-28,6450
2018-06-29,6450
2018-06-30,6450
2018-07-01,6450
2018-07-02,6450
2018-07-03,6450
2018-07-04,6450
2018-07-05,6450
2018-07-06,6450
2018-07-07,6450
2018-07-08,6450
2018-07-09,6450
2018-07-10,6450
2018-07-11,6430
2018-07-12,6380
2018-07-13,6330
2018-07-14,6330
2018-07-15,6330
2018-07-16,6330
2018-07-17,6330
2018-07-18,6330
2018-07-19,6330
2018-07-20,6330
2018-07-21,6330
2018-07-22,6330
2018-07-23,6330
2018-07-24,6310
2018-07-25,6310
2018-07-26,6340
2018-07-27,6340
2018-07-28,6340
2018-07-29,6340
2018-07-30,6340
2018-07-31,6340
2018-08-01,6340
2018-08-02,6340
2018-08-03,6300
2018-08-04,6300
2018-08-05,6300
2018-08-06,6300
2018-08-07,6320
2018-08-08,6350
2018-08-09,6380
2018-08-10,6400
2018-08-11,6400
2018-08-12,6400
2018-08-13,6350
2018-08-14,6380
2018-08-15,6400
2018-08-16,6370
2018-08-17,6500
2018-08-18,6500
2018-08-19,6500
2018-08-20,6550
2018-08-21,6550
2018-08-22,6600
2018-08-23,6600
2018-08-24,6600
2018-08-25,6600
2018-08-26,6600
2018-08-27,6550
2018-08-28,6520
2018-08-29,6520
2018-08-30,6520
2018-08-31,6520
2018-09-01,6520
2018-09-02,6520
2018-09-03,6520
2018-09-04,6580
2018-09-05,6600
2018-09-06,6600
2018-09-07,6600
2018-09-08,6600
2018-09-09,6600
2018-09-10,6620
2018-09-11,6620
2018-09-12,6620
2018-09-13,6620
2018-09-14,6620
2018-09-15,6620
2018-09-16,6620
2018-09-17,6620
2018-09-18,6620
2018-09-19,6580
2018-09-20,6560
2018-09-21,6530
2018-09-22,6530
2018-09-23,6530
2018-09-24,6530
2018-09-25,6530
2018-09-26,6580
2018-09-27,6580
2018-09-28,6580
2018-09-29,6580
2018-09-30,6580
2018-10-01,6580
2018-10-02,6580
2018-10-03,6580
2018-10-04,6580
2018-10-05,6580
2018-10-06,6580
2018-10-07,6580
2018-10-08,6630
2018-10-09,6680
2018-10-10,6700
2018-10-11,6650
2018-10-12,6650
2018-10-13,6650
2018-10-14,6650
2018-10-15,6700
2018-10-16,6680
2018-10-17,6680
2018-10-18,6660
2018-10-19,6620
2018-10-20,6620
2018-10-21,6620
2018-10-22,6620
2018-10-23,6630
2018-10-24,6550
2018-10-25,6480
2018-10-26,6480
2018-10-27,6480
2018-10-28,6480
2018-10-29,6480
2018-10-30,6480
2018-10-31,6480
2018-11-01,6480
2018-11-02,6400
2018-11-03,6400
2018-11-04,6400
2018-11-05,6420
2018-11-06,6420
2018-11-07,6420
2018-11-08,6420
2018-11-09,6400
2018-11-10,6400
2018-11-11,6400
2018-11-12,6350
2018-11-13,6370
2018-11-14,6320
2018-11-15,6320
2018-11-16,6320
2018-11-17,6320
2018-11-18,6320
2018-11-19,6300
2018-11-20,6280
2018-11-21,6330
2018-11-22,6360
2018-11-23,6380
2018-11-24,6380
2018-11-25,6380
2018-11-26,6380
2018-11-27,6380
2018-11-28,6380
2018-11-29,6410
2018-11-30,6410
2018-12-01,6410
2018-12-02,6410
2018-12-03,6410
2018-12-04,6410
2018-12-05,6410
2018-12-06,6410
2018-12-07,6460
2018-12-08,6460
2018-12-09,6460
2018-12-10,6480
2018-12-11,6480
2018-12-12,6480
2018-12-13,6510
2018-12-14,6500
2018-12-15,6500
2018-12-16,6500
2018-12-17,6500
2018-12-18,6500
2018-12-19,6500
2018-12-20,6500
2018-12-21,6500
2018-12-22,6500
2018-12-23,6500
2018-12-24,6500
2018-12-25,6480
2018-12-26,6440
2018-12-27,6440
2018-12-28,6440
2018-12-29,6440
2018-12-30,6440
2018-12-31,6440
2019-01-01,6440
2019-01-02,6490
2019-01-03,6520
2019-01-04,6520
2019-01-05,6520
2019-01-06,6520
2019-01-07,6520
2019-01-08,6520
2019-01-09,6520
2019-01-10,6520
2019-01-11,6520
2019-01-12,6520
2019-01-13,6520
2019-01-14,6500
2019-01-15,6500
2019-01-16,6530
2019-01-17,6530
2019-01-18,6560
2019-01-19,6560
2019-01-20,6560
2019-01-21,6600
2019-01-22,6650
2019-01-23,6650
2019-01-24,6670
2019-01-25,6670
2019-01-26,6670
2019-01-27,6670
2019-01-28,6720
2019-01-29,6740
2019-01-30,6740
2019-01-31,6740
2019-02-01,6740
2019-02-02,6740
2019-02-03,6740
2019-02-04,6740
2019-02-05,6740
2019-02-06,6740
2019-02-07,6740
2019-02-08,6740
2019-02-09,6740
2019-02-10,6740
2019-02-11,6720
2019-02-12,6720
2019-02-13,6720
2019-02-14,6720
2019-02-15,6700
2019-02-16,6700
2019-02-17,6700
2019-02-18,6720
2019-02-19,6770
2019-02-20,6730
2019-02-21,6710
2019-02-22,6710
2019-02-23,6710
2019-02-24,6710
2019-02-25,6710
2019-02-26,6680
2019-02-27,6680
2019-02-28,6680
2019-03-01,6780
2019-03-02,6780
2019-03-03,6780
2019-03-04,6880
2019-03-05,6900
2019-03-06,7050
2019-03-07,7080
2019-03-08,7130
2019-03-09,7130
2019-03-10,7130
2019-03-11,7230
2019-03-12,7200
2019-03-13,7100
2019-03-14,7030
2019-03-15,6980
2019-03-16,6980
2019-03-17,6980
2019-03-18,7050
2019-03-19,7050
2019-03-20,7100
2019-03-21,7100
2019-03-22,7180
2019-03-23,7180
2019-03-24,7180
2019-03-25,7250
2019-03-26,7250
2019-03-27,7350
2019-03-28,7300
2019-03-29,7200
2019-03-30,7200
2019-03-31,7200
2019-04-01,7200
2019-04-02,7170
2019-04-03,7250
2019-04-04,7250
2019-04-05,7250
2019-04-06,7250
2019-04-07,7250
2019-04-08,7250
2019-04-09,7250
2019-04-10,7250
2019-04-11,7220
2019-04-12,7220
2019-04-13,7220
2019-04-14,7220
2019-04-15,7240
2019-04-16,7220
2019-04-17,7240
2019-04-18,7240
2019-04-19,7240
2019-04-20,7240
2019-04-21,7240
2019-04-22,7240
2019-04-23,7240
2019-04-24,7160
2019-04-25,7140
2019-04-26,7120
2019-04-27,7120
2019-04-28,7120
2019-04-29,7100
2019-04-30,7100
2019-05-01,7100
2019-05-02,7100
2019-05-03,7100
2019-05-04,7100
2019-05-05,7100
2019-05-06,7100
2019-05-07,7150
2019-05-08,7150
2019-05-09,7190
2019-05-10,7210
2019-05-11,7210
2019-05-12,7210
2019-05-13,7210
2019-05-14,7260
2019-05-15,7280
2019-05-16,7300
2019-05-17,7300
2019-05-18,7300
2019-05-19,7300
2019-05-20,7300
2019-05-21,7300
2019-05-22,7300
2019-05-23,7280
2019-05-24,7280
2019-05-25,7280
2019-05-26,7280
2019-05-27,7330
2019-05-28,7330
2019-05-29,7350
2019-05-30,7350
2019-05-31,7330
2019-06-01,7330
2019-06-02,7330
2019-06-03,7300
2019-06-04,7300
2019-06-05,7300
2019-06-06,7300
2019-06-07,7300
2019-06-08,7300
2019-06-09,7300
2019-06-10,7300
2019-06-11,7300
2019-06-12,7270
2019-06-13,7290
2019-06-14,7320
2019-06-15,7320
2019-06-16,7320
2019-06-17,7300
2019-06-18,7300
2019-06-19,7220
2019-06-20,7170
2019-06-21,7150
2019-06-22,7150
2019-06-23,7150
2019-06-24,7120
2019-06-25,7120
2019-06-26,7120
2019-06-27,7120
2019-06-28,7120
2019-06-29,7120
2019-06-30,7120
2019-07-01,7040
2019-07-02,7040
2019-07-03,7000
2019-07-04,7060
2019-07-05,7060
2019-07-06,7060
2019-07-07,7060
2019-07-08,7060
2019-07-09,7060
2019-07-10,7060
2019-07-11,7060
2019-07-12,7060
2019-07-13,7060
2019-07-14,7060
2019-07-15,7100
2019-07-16,7120
2019-07-17,7140
2019-07-18,7140
2019-07-19,7140
2019-07-20,7140
2019-07-21,7140
2019-07-22,7140
2019-07-23,7140
2019-07-24,7180
2019-07-25,7200
2019-07-26,7180
2019-07-27,7180
2019-07-28,7180
2019-07-29,7230
2019-07-30,7230
2019-07-31,7210
2019-08-01,7200
2019-08-02,7220
2019-08-03,7220
2019-08-04,7220
2019-08-05,7220
2019-08-06,7250
2019-08-07,7250
2019-08-08,7280
2019-08-09,7380
2019-08-10,7380
2019-08-11,7380
2019-08-12,7450
2019-08-13,7450
2019-08-14,7410
2019-08-15,7410
2019-08-16,7510
2019-08-17,7510
2019-08-18,7510
2019-08-19,7550
2019-08-20,7570
2019-08-21,7570
2019-08-22,7640
2019-08-23,7620
2019-08-24,7620
2019-08-25,7620
2019-08-26,7770
2019-08-27,7720
2019-08-28,7720
2019-08-29,7740
2019-08-30,7690
2019-08-31,7690
2019-09-01,7690
2019-09-02,7690
2019-09-03,7660
2019-09-04,7680
2019-09-05,7650
2019-09-06,7600
2019-09-07,7600
2019-09-08,7600
2019-09-09,7550
2019-09-10,7550
2019-09-11,7550
2019-09-12,7500
2019-09-13,7500
2019-09-14,7500
2019-09-15,7500
2019-09-16,7500
2019-09-17,7530
2019-09-18,7500
2019-09-19,7500
2019-09-20,7460
2019-09-21,7460
2019-09-22,7460
2019-09-23,7500
2019-09-24,7400
2019-09-25,7400
2019-09-26,7400
2019-09-27,7350
2019-09-28,7350
2019-09-29,7350
2019-09-30,7320
2019-10-01,7320
2019-10-02,7320
2019-10-03,7320
2019-10-04,7320
2019-10-05,7320
2019-10-06,7320
2019-10-07,7320
2019-10-08,7350
2019-10-09,7450
2019-10-10,7490
2019-10-11,7520
2019-10-12,7520
2019-10-13,7520
2019-10-14,7450
2019-10-15,7400
2019-10-16,7420
2019-10-17,7420
2019-10-18,7420
2019-10-19,7420
2019-10-20,7420
2019-10-21,7440
2019-10-22,7420
2019-10-23,7460
2019-10-24,7420
2019-10-25,7520
2019-10-26,7520
2019-10-27,7520
2019-10-28,7520
2019-10-29,7520
2019-10-30,7600
2019-10-31,7600
2019-11-01,7700
2019-11-02,7700
2019-11-03,7700
2019-11-04,7750
2019-11-05,7850
2019-11-06,7750
2019-11-07,7750
2019-11-08,7750
2019-11-09,7750
2019-11-10,7750
2019-11-11,7800
2019-11-12,7800
2019-11-13,7800
2019-11-14,7750
2019-11-15,7750
2019-11-16,7750
2019-11-17,7750
2019-11-18,7750
2019-11-19,7820
2019-11-20,7870
2019-11-21,7870
2019-11-22,7850
2019-11-23,7850
2019-11-24,7850
2019-11-25,7850
2019-11-26,7790
2019-11-27,7840
2019-11-28,7840
2019-11-29,7920
2019-11-30,7920
2019-12-01,7920
2019-12-02,7870
2019-12-03,7850
2019-12-04,7850
2019-12-05,7850
2019-12-06,7850
2019-12-07,7850
2019-12-08,7850
2019-12-09,7850
2019-12-10,7850
2019-12-11,7800
2019-12-12,7800
2019-12-13,7850
2019-12-14,7850
2019-12-15,7850
2019-12-16,7800
2019-12-17,7800
2019-12-18,7800
2019-12-19,7860
2019-12-20,7910
2019-12-21,7910
2019-12-22,7910
2019-12-23,7910
2019-12-24,7910
2019-12-25,7910
2019-12-26,7960
2019-12-27,8060
2019-12-28,8060
2019-12-29,8060
2019-12-30,8060
2019-12-31,8060
2020-01-01,8060
2020-01-02,8060
2020-01-03,8140
2020-01-04,8140
2020-01-05,8140
2020-01-06,8140
2020-01-07,8140
2020-01-08,8140
2020-01-09,8190
2020-01-10,8190
2020-01-11,8190
2020-01-12,8190
2020-01-13,8190
2020-01-14,8190
2020-01-15,8140
2020-01-16,8140
2020-01-17,8140
2020-01-18,8140
2020-01-19,8140
2020-01-20,8140
2020-01-21,8090
2020-01-22,8090
2020-01-23,8090
2020-01-24,8090
2020-01-25,8090
2020-01-26,8090
2020-01-27,8090
2020-01-28,8090
2020-01-29,8090
2020-01-30,8090
2020-01-31,8090
2020-02-01,8090
2020-02-02,8090
2020-02-03,7790
2020-02-04,7790
2020-02-05,7890
2020-02-06,7990
2020-02-07,8050
2020-02-08,8050
2020-02-09,8050
2020-02-10,8150
2020-02-11,8150
2020-02-12,8050
2020-02-13,8050
2020-02-14,8050
2020-02-15,8050
2020-02-16,8050
2020-02-17,8150
2020-02-18,8200
2020-02-19,8200
2020-02-20,8120
2020-02-21,8120
2020-02-22,8120
2020-02-23,8120
2020-02-24,8120
2020-02-25,8120
2020-02-26,8120
2020-02-27,8120
2020-02-28,7920
2020-02-29,7920
2020-03-01,7920
2020-03-02,7920
2020-03-03,7880
2020-03-04,7850
2020-03-05,7900
2020-03-06,7850
2020-03-07,7850
2020-03-08,7850
2020-03-09,7650
2020-03-10,7750
2020-03-11,7650
2020-03-12,7450
2020-03-13,7350
2020-03-14,7350
2020-03-15,7350
2020-03-16,7300
2020-03-17,7300
2020-03-18,7250
2020-03-19,7150
2020-03-20,7200
2020-03-21,7200
2020-03-22,7200
2020-03-23,7200
2020-03-24,7200
2020-03-25,7260
2020-03-26,7200
2020-03-27,7300
2020-03-28,7300
2020-03-29,7300
2020-03-30,7400
2020-03-31,7300
2020-04-01,7100
2020-04-02,7100
2020-04-03,7100
2020-04-04,7100
2020-04-05,7100
2020-04-06,7100
2020-04-07,7200
2020-04-08,7200
2020-04-09,7300
2020-04-10,7300
2020-04-11,7300
2020-04-12,7300
2020-04-13,7300
2020-04-14,7200
2020-04-15,7200
2020-04-16,7200
2020-04-17,7200
2020-04-18,7200
2020-04-19,7200
2020-04-20,7200
2020-04-21,7100
2020-04-22,7100
2020-04-23,7160
2020-04-24,7160
2020-04-25,7160
2020-04-26,7160
2020-04-27,7160
2020-04-28,7210
2020-04-29,7210
2020-04-30,7210
2020-05-01,7210
2020-05-02,7210
2020-05-03,7210
2020-05-04,7210
2020-05-05,7210
2020-05-06,7210
2020-05-07,7260
2020-05-08,7260
2020-05-09,7260
2020-05-10,7260
2020-05-11,7260
2020-05-12,7220
2020-05-13,7270
2020-05-14,7270
2020-05-15,7270
2020-05-16,7270
2020-05-17,7270
2020-05-18,7320
2020-05-19,7320
2020-05-20,7320
2020-05-21,7320
2020-05-22,7270
2020-05-23,7270
2020-05-24,7270
2020-05-25,7320
2020-05-26,7320
2020-05-27,7320
2020-05-28,7520
2020-05-29,7550
2020-05-30,7550
2020-05-31,7550
2020-06-01,7600
2020-06-02,7600
2020-06-03,7650
2020-06-04,7670
2020-06-05,7670
2020-06-06,7670
2020-06-07,7670
2020-06-08,7670
2020-06-09,7770
2020-06-10,7770
2020-06-11,7770
2020-06-12,7800
2020-06-13,7800
2020-06-14,7800
2020-06-15,7900
2020-06-16,7900
2020-06-17,7900
2020-06-18,7950
2020-06-19,8000
2020-06-20,8000
2020-06-21,8000
2020-06-22,8000
2020-06-23,8000
2020-06-24,8000
2020-06-25,8000
2020-06-26,8000
2020-06-27,8000
2020-06-28,8000
2020-06-29,7950
2020-06-30,7920
2020-07-01,7950
2020-07-02,7950
2020-07-03,8000
2020-07-04,8000
2020-07-05,8000
2020-07-06,8100
2020-07-07,8100
2020-07-08,8100
2020-07-09,8120
2020-07-10,8120
2020-07-11,8120
2020-07-12,8120
2020-07-13,8250
2020-07-14,8350
2020-07-15,8400
2020-07-16,8420
2020-07-17,8670
2020-07-18,8670
2020-07-19,8670
2020-07-20,9020
2020-07-21,9020
2020-07-22,9220
2020-07-23,8920
2020-07-24,8850
2020-07-25,8850
2020-07-26,8850
2020-07-27,8820
2020-07-28,8870
2020-07-29,8920
2020-07-30,8920
2020-07-31,8950
2020-08-01,8950
2020-08-02,8950
2020-08-03,9150
2020-08-04,9200
2020-08-05,9250
2020-08-06,9350
2020-08-07,9400
2020-08-08,9400
2020-08-09,9400
2020-08-10,9100
2020-08-11,9000
2020-08-12,9000
2020-08-13,9150
2020-08-14,9150
2020-08-15,9150
2020-08-16,9150
2020-08-17,9300
2020-08-18,9300
2020-08-19,9300
2020-08-20,9200
2020-08-21,9200
2020-08-22,9200
2020-08-23,9200
2020-08-24,9150
2020-08-25,9100
2020-08-26,9000
2020-08-27,9000
2020-08-28,9100
2020-08-29,9100
2020-08-30,9100
2020-08-31,9100
2020-09-01,9200
2020-09-02,9200
2020-09-03,9200
2020-09-04,9200
2020-09-05,9200
2020-09-06,9200
2020-09-07,9200
2020-09-08,9200
2020-09-09,9200
2020-09-10,9150
2020-09-11,9150
2020-09-12,9150
2020-09-13,9150
2020-09-14,9250
2020-09-15,9250
2020-09-16,9250
2020-09-17,9400
2020-09-18,9600
2020-09-19,9600
2020-09-20,9600
2020-09-21,9800
2020-09-22,9800
2020-09-23,9650
2020-09-24,9450
2020-09-25,9450
2020-09-26,9450
2020-09-27,9450
2020-09-28,9450
2020-09-29,9450
2020-09-30,9350
2020-10-01,9350
2020-10-02,9350
2020-10-03,9350
2020-10-04,9350
2020-10-05,9350
2020-10-06,9350
2020-10-07,9350
2020-10-08,9350
2020-10-09,9600
2020-10-10,9600
2020-10-11,9600
2020-10-12,9750
2020-10-13,9750
2020-10-14,9750
2020-10-15,9700
2020-10-16,9750
2020-10-17,9750
2020-10-18,9750
2020-10-19,9650
2020-10-20,9650
2020-10-21,9700
2020-10-22,9730
2020-10-23,9800
2020-10-24,9800
2020-10-25,9800
2020-10-26,9880
2020-10-27,9880
2020-10-28,9880
2020-10-29,10000
2020-10-30,10150
2020-10-31,10150
2020-11-01,10150
2020-11-02,10200
2020-11-03,10250
2020-11-04,10400
2020-11-05,10350
2020-11-06,10350
2020-11-07,10350
2020-11-08,10350
2020-11-09,10150
2020-11-10,10150
2020-11-11,10200
2020-11-12,10250
2020-11-13,10250
2020-11-14,10250
2020-11-15,10250
2020-11-16,10250
2020-11-17,10300
2020-11-18,10400
2020-11-19,10550
2020-11-20,10400
2020-11-21,10400
2020-11-22,10400
2020-11-23,10300
2020-11-24,10250
2020-11-25,10350
2020-11-26,10350
2020-11-27,10200
2020-11-28,10200
2020-11-29,10200
2020-11-30,10100
2020-12-01,10100
2020-12-02,10050
2020-12-03,10150
2020-12-04,10150
2020-12-05,10150
2020-12-06,10150
2020-12-07,10200
2020-12-08,10000
2020-12-09,10000
2020-12-10,9900
2020-12-11,10000
2020-12-12,10000
2020-12-13,10000
2020-12-14,10000
2020-12-15,10000
2020-12-16,10050
2020-12-17,10100
2020-12-18,10100
2020-12-19,10100
2020-12-20,10100
2020-12-21,10100
2020-12-22,9900
2020-12-23,9950
2020-12-24,10200
2020-12-25,10200
2020-12-26,10200
2020-12-27,10200
2020-12-28,10200
2020-12-29,10100
2020-12-30,10200
2020-12-31,10250
2021-01-01,10250
2021-01-02,10250
2021-01-03,10250
2021-01-04,10500
2021-01-05,10500
2021-01-06,10600
2021-01-07,10650
2021-01-08,10700
2021-01-09,10700
2021-01-10,10700
2021-01-11,10700
2021-01-12,10800
2021-01-13,10800
2021-01-14,10650
2021-01-15,10550
2021-01-16,10550
2021-01-17,10550
2021-01-18,10600
2021-01-19,10600
2021-01-20,10400
2021-01-21,10500
2021-01-22,10500
2021-01-23,10500
2021-01-24,10500
2021-01-25,10500
2021-01-26,10450
2021-01-27,10600
2021-01-28,10600
2021-01-29,10600
2021-01-30,10600
2021-01-31,10600
2021-02-01,10500
2021-02-02,10400
2021-02-03,10150
2021-02-04,10150
2021-02-05,10350
2021-02-06,10350
2021-02-07,10350
2021-02-08,10350
2021-02-09,10500
2021-02-10,10500
2021-02-11,10500
2021-02-12,10500
2021-02-13,10500
2021-02-14,10500
2021-02-15,10500
2021-02-16,10500
2021-02-17,10500
2021-02-18,10750
2021-02-19,10800
2021-02-20,10800
2021-02-21,10800
2021-02-22,10850
2021-02-23,10920
2021-02-24,11000
2021-02-25,11150
2021-02-26,11050
2021-02-27,11050
2021-02-28,11050
2021-03-01,11100
2021-03-02,11000
2021-03-03,10950
2021-03-04,11080
2021-03-05,11080
2021-03-06,11080
2021-03-07,11080
2021-03-08,11540
2021-03-09,11600
2021-03-10,11350
2021-03-11,11200
2021-03-12,11200
2021-03-13,11200
2021-03-14,11200
2021-03-15,11200
2021-03-16,11100
2021-03-17,10950
2021-03-18,10650
2021-03-19,10650
2021-03-20,10650
2021-03-21,10650
2021-03-22,10700
2021-03-23,10950
2021-03-24,11050
2021-03-25,11000
2021-03-26,10500
2021-03-27,10500
2021-03-28,10500
2021-03-29,10450
2021-03-30,10450
2021-03-31,10450
2021-04-01,10650
2021-04-02,10650
2021-04-03,10650
2021-04-04,10650
2021-04-05,10650
2021-04-06,10850
2021-04-07,10900
2021-04-08,10850
2021-04-09,10850
2021-04-10,10850
2021-04-11,10850
2021-04-12,10750
2021-04-13,10800
2021-04-14,10900
2021-04-15,10850
2021-04-16,10850
2021-04-17,10850
2021-04-18,10850
2021-04-19,10800
2021-04-20,10800
2021-04-21,11000
2021-04-22,11100
2021-04-23,11200
2021-04-24,11200
2021-04-25,11200
2021-04-26,11080
2021-04-27,11130
2021-04-28,11030
2021-04-29,11030
2021-04-30,10930
2021-05-01,10930
2021-05-02,10930
2021-05-03,10930
2021-05-04,10930
2021-05-05,10930
2021-05-06,11300
2021-05-07,11400
2021-05-08,11400
2021-05-09,11400
2021-05-10,11350
2021-05-11,11250
2021-05-12,11450
2021-05-13,11400
2021-05-14,11150
2021-05-15,11150
2021-05-16,11150
2021-05-17,11050
2021-05-18,11100
2021-05-19,11050
2021-05-20,10950
2021-05-21,10700
2021-05-22,10700
2021-05-23,10700
2021-05-24,10750
2021-05-25,10800
2021-05-26,10900
2021-05-27,10800
2021-05-28,10900
2021-05-29,10900
2021-05-30,10900
2021-05-31,10900
2021-06-01,10950
2021-06-02,11050
2021-06-03,11350
2021-06-04,11250
2021-06-05,11250
2021-06-06,11250
2021-06-07,11300
2021-06-08,11100
2021-06-09,11050
2021-06-10,11150
2021-06-11,11000
2021-06-12,11000
2021-06-13,11000
2021-06-14,11000
2021-06-15,10650
2021-06-16,10400
2021-06-17,10360
2021-06-18,10000
2021-06-19,10000
2021-06-20,10000
2021-06-21,9950
2021-06-22,10100
2021-06-23,10150
2021-06-24,10100
2021-06-25,10050
2021-06-26,10050
2021-06-27,10050
2021-06-28,10150
2021-06-29,10150
2021-06-30,10200
2021-07-01,10400
2021-07-02,10600
2021-07-03,10600
2021-07-04,10600
2021-07-05,10600
2021-07-06,10550
2021-07-07,10350
2021-07-08,10250
2021-07-09,10250
2021-07-10,10250
2021-07-11,10250
2021-07-12,10250
2021-07-13,10400
2021-07-14,10550
2021-07-15,10750
2021-07-16,10700
2021-07-17,10700
2021-07-18,10700
2021-07-19,10750
2021-07-20,10850
2021-07-21,10750
2021-07-22,10450
2021-07-23,10550
2021-07-24,10550
2021-07-25,10550
2021-07-26,10450
2021-07-27,10450
2021-07-28,10400
2021-07-29,10250
2021-07-30,10050
2021-07-31,10050
2021-08-01,10050
2021-08-02,9950
2021-08-03,10050
2021-08-04,10250
2021-08-05,10300
2021-08-06,10250
2021-08-07,10250
2021-08-08,10250
2021-08-09,10250
2021-08-10,10280
2021-08-11,10480
2021-08-12,10700
2021-08-13,10650
2021-08-14,10650
2021-08-15,10650
2021-08-16,10800
2021-08-17,10880
2021-08-18,10730
2021-08-19,10750
2021-08-20,10700
2021-08-21,10700
2021-08-22,10700
2021-08-23,10700
2021-08-24,10800
2021-08-25,10900
2021-08-26,10950
2021-08-27,10800
2021-08-28,10800
2021-08-29,10800
2021-08-30,10800
2021-08-31,10900
2021-09-01,10750
2021-09-02,10800
2021-09-03,11100
2021-09-04,11100
2021-09-05,11100
2021-09-06,11050
2021-09-07,11050
2021-09-08,11000
2021-09-09,10950
2021-09-10,10900
2021-09-11,10900
2021-09-12,10900
2021-09-13,10900
2021-09-14,10950
2021-09-15,11100
2021-09-16,11200
2021-09-17,11000
2021-09-18,11000
2021-09-19,11000
2021-09-20,11000
2021-09-21,11000
2021-09-22,11050
2021-09-23,11250
2021-09-24,11380
2021-09-25,11380
2021-09-26,11380
2021-09-27,11350
2021-09-28,11300
2021-09-29,11350
2021-09-30,11600
2021-10-01,11600
2021-10-02,11600
2021-10-03,11600
2021-10-04,11600
2021-10-05,11600
2021-10-06,11600
2021-10-07,11600
2021-10-08,12200
2021-10-09,12200
2021-10-10,12200
2021-10-11,12500
2021-10-12,12550
2021-10-13,12550
2021-10-14,12400
2021-10-15,12450
2021-10-16,12450
2021-10-17,12450
2021-10-18,12550
2021-10-19,12750
2021-10-20,12750
2021-10-21,12900
2021-10-22,12500
2021-10-23,12500
2021-10-24,12500
2021-10-25,12700
2021-10-26,13000
2021-10-27,13000
2021-10-28,12850
2021-10-29,13100
2021-10-30,13100
2021-10-31,13100
2021-11-01,12950
2021-11-02,12950
2021-11-03,13150
2021-11-04,13100
2021-11-05,12900
2021-11-06,12900
2021-11-07,12900
2021-11-08,12650
2021-11-09,12300
2021-11-10,12550
2021-11-11,12850
2021-11-12,12900
2021-11-13,12900
2021-11-14,12900
2021-11-15,12900
2021-11-16,12950
2021-11-17,13000
2021-11-18,13150
2021-11-19,13150
2021-11-20,13150
2021-11-21,13150
2021-11-22,12930
2021-11-23,12800
2021-11-24,12900
2021-11-25,13000
2021-11-26,13000
2021-11-27,13000
2021-11-28,13000
2021-11-29,12950
2021-11-30,12700
2021-12-01,12720
2021-12-02,12620
2021-12-03,13000
2021-12-04,13000
2021-12-05,13000
2021-12-06,13150
2021-12-07,13350
2021-12-08,13150
2021-12-09,12950
2021-12-10,12950
2021-12-11,12950
2021-12-12,12950
2021-12-13,12750
2021-12-14,12700
2021-12-15,12650
2021-12-16,12750
2021-12-17,12950
2021-12-18,12950
2021-12-19,12950
2021-12-20,12700
2021-12-21,12750
2021-12-22,12750
2021-12-23,12700
2021-12-24,12900
2021-12-25,12900
2021-12-26,12900
2021-12-27,12750
2021-12-28,12850
2021-12-29,12750
2021-12-30,12850
2021-12-31,12880
2022-01-01,12880
2022-01-02,12880
2022-01-03,12880
2022-01-04,12630
2022-01-05,12500
2022-01-06,12350
2022-01-07,12600
2022-01-08,12600
2022-01-09,12600
2022-01-10,12700
2022-01-11,12660
2022-01-12,12660
2022-01-13,12660
2022-01-14,12480
2022-01-15,12480
2022-01-16,12480
2022-01-17,12430
2022-01-18,12630
2022-01-19,12750
2022-01-20,12950
2022-01-21,13100
2022-01-22,13100
2022-01-23,13100
2022-01-24,12970
2022-01-25,12820
2022-01-26,12770
2022-01-27,12820
2022-01-28,12900
2022-01-29,12900
2022-01-30,12900
2022-01-31,12900
2022-02-01,12900
2022-02-02,12900
2022-02-03,12900
2022-02-04,12900
2022-02-05,12900
2022-02-06,12900
2022-02-07,13050
2022-02-08,12800
2022-02-09,12550
2022-02-10,12550
2022-02-11,12450
2022-02-12,12450
2022-02-13,12450
2022-02-14,12450
2022-02-15,12350
2022-02-16,12400
2022-02-17,12400
2022-02-18,12400
2022-02-19,12400
2022-02-20,12400
2022-02-21,12800
2022-02-22,12900
2022-02-23,13150
2022-02-24,13900
2022-02-25,13500
2022-02-26,13500
2022-02-27,13500
2022-02-28,13350
2022-03-01,13650
2022-03-02,13650
2022-03-03,13950
2022-03-04,13550
2022-03-05,13550
2022-03-06,13550
2022-03-07,13800
2022-03-08,14000
2022-03-09,14150
2022-03-10,13650
2022-03-11,13550
2022-03-12,13550
2022-03-13,13550
2022-03-14,13250
2022-03-15,12850
2022-03-16,13200
2022-03-17,12800
2022-03-18,13150
2022-03-19,13150
2022-03-20,13150
2022-03-21,13150
2022-03-22,13150
2022-03-23,13000
2022-03-24,13250
2022-03-25,13250
2022-03-26,13250
2022-03-27,13250
2022-03-28,13100
2022-03-29,12950
2022-03-30,12850
2022-03-31,12980
2022-04-01,12800
2022-04-02,12800
2022-04-03,12800
2022-04-04,12800
2022-04-05,12800
2022-04-06,13300
2022-04-07,13200
2022-04-08,13100
2022-04-09,13100
2022-04-10,13100
2022-04-11,13100
2022-04-12,13400
2022-04-13,13400
2022-04-14,13550
2022-04-15,13800
2022-04-16,13800
2022-04-17,13800
2022-04-18,13900
2022-04-19,14000
2022-04-20,13900
2022-04-21,14100
2022-04-22,14050
2022-04-23,14050
2022-04-24,14050
2022-04-25,14200
2022-04-26,14200
2022-04-27,14300
2022-04-28,14500
2022-04-29,14650
2022-04-30,14650
2022-05-01,14650
2022-05-02,14650
2022-05-03,14650
2022-05-04,14650
2022-05-05,14250
2022-05-06,14000
2022-05-07,14000
2022-05-08,14000
2022-05-09,14000
2022-05-10,14000
2022-05-11,14000
2022-05-12,14000
2022-05-13,14150
2022-05-14,14150
2022-05-15,14150
2022-05-16,14000
2022-05-17,14000
2022-05-18,14000
2022-05-19,14000
2022-05-20,14150
2022-05-21,14150
2022-05-22,14150
2022-05-23,14150
2022-05-24,14150
2022-05-25,14200
2022-05-26,14200
2022-05-27,14500
2022-05-28,14500
2022-05-29,14500
2022-05-30,14500
2022-05-31,14600
2022-06-01,14550
2022-06-02,14650
2022-06-03,14650
2022-06-04,14650
2022-06-05,14650
2022-06-06,14700
2022-06-07,14750
2022-06-08,15000
2022-06-09,14800
2022-06-10,15000
2022-06-11,15000
2022-06-12,15000
2022-06-13,14850
2022-06-14,14900
2022-06-15,14550
2022-06-16,14200
2022-06-17,14200
2022-06-18,14200
2022-06-19,14200
2022-06-20,13950
2022-06-21,13650
2022-06-22,13350
2022-06-23,13100
2022-06-24,12350
2022-06-25,12350
2022-06-26,12350
2022-06-27,12450
2022-06-28,12650
2022-06-29,12700
2022-06-30,12750
2022-07-01,12300
2022-07-02,12300
2022-07-03,12300
2022-07-04,12150
2022-07-05,11650
2022-07-06,10950
2022-07-07,10950
2022-07-08,11400
2022-07-09,11400
2022-07-10,11400
2022-07-11,11400
2022-07-12,11400
2022-07-13,11150
2022-07-14,11750
2022-07-15,11950
2022-07-16,11950
2022-07-17,11950
2022-07-18,12050
2022-07-19,11900
2022-07-20,12000
2022-07-21,12050
2022-07-22,12100
2022-07-23,12100
2022-07-24,12100
2022-07-25,12250
2022-07-26,12650
2022-07-27,12650
2022-07-28,13050
2022-07-29,13250
2022-07-30,13250
2022-07-31,13250
2022-08-01,13050
2022-08-02,13000
2022-08-03,13120
2022-08-04,12850
2022-08-05,12800
2022-08-06,12800
2022-08-07,12800
2022-08-08,13050
2022-08-09,13050
2022-08-10,13050
2022-08-11,13050
2022-08-12,13280
2022-08-13,13280
2022-08-14,13280
2022-08-15,12950
2022-08-16,12700
2022-08-17,12780
2022-08-18,12600
2022-08-19,12600
2022-08-20,12600
2022-08-21,12600
2022-08-22,12800
2022-08-23,12870
2022-08-24,13150
2022-08-25,13200
2022-08-26,13400
2022-08-27,13400
2022-08-28,13400
2022-08-29,13100
2022-08-30,12850
2022-08-31,12930
2022-09-01,12680
2022-09-02,12400
2022-09-03,12400
2022-09-04,12400
2022-09-05,12600
2022-09-06,12700
2022-09-07,12300
2022-09-08,12300
2022-09-09,12400
2022-09-10,12400
2022-09-11,12400
2022-09-12,12400
2022-09-13,12600
2022-09-14,12550
2022-09-15,12500
2022-09-16,12350
2022-09-17,12350
2022-09-18,12350
2022-09-19,12350
2022-09-20,12300
2022-09-21,12550
2022-09-22,12750
2022-09-23,12750
2022-09-24,12750
2022-09-25,12750
2022-09-26,12600
2022-09-27,12850
2022-09-28,13250
2022-09-29,13350
2022-09-30,13450
2022-10-01,13450
2022-10-02,13450
2022-10-03,13450
2022-10-04,13450
2022-10-05,13450
2022-10-06,13450
2022-10-07,13450
2022-10-08,13450
2022-10-09,13450
2022-10-10,13800
2022-10-11,13700
2022-10-12,13850
2022-10-13,13950
2022-10-14,13950
2022-10-15,13950
2022-10-16,13950
2022-10-17,13700
2022-10-18,13800
2022-10-19,14000
2022-10-20,14000
2022-10-21,13800
2022-10-22,13800
2022-10-23,13800
2022-10-24,13700
2022-10-25,13500
2022-10-26,13650
2022-10-27,13650
2022-10-28,13470
2022-10-29,13470
2022-10-30,13470
2022-10-31,13470
2022-11-01,13600
2022-11-02,13800
2022-11-03,13670
2022-11-04,14030
2022-11-05,14030
2022-11-06,14030
2022-11-07,14150
2022-11-08,14150
2022-11-09,14140
2022-11-10,14230
2022-11-11,14150
2022-11-12,14150
2022-11-13,14150
2022-11-14,14110
2022-11-15,14330
2022-11-16,14190
2022-11-17,14230
2022-11-18,14100
2022-11-19,14100
2022-11-20,14100
2022-11-21,13650
2022-11-22,13430
2022-11-23,13350
2022-11-24,13350
2022-11-25,13250
2022-11-26,13250
2022-11-27,13250
2022-11-28,13280
2022-11-29,13340
2022-11-30,13240
2022-12-01,12940
2022-12-02,12960
2022-12-03,12960
2022-12-04,12960
2022-12-05,12810
2022-12-06,12690
2022-12-07,12700
2022-12-08,12690
2022-12-09,12880
2022-12-10,12880
2022-12-11,12880
2022-12-12,12640
2022-12-13,12880
2022-12-14,12920
2022-12-15,12940
2022-12-16,12710
2022-12-17,12710
2022-12-18,12710
2022-12-19,12560
2022-12-20,12530
2022-12-21,12600
2022-12-22,12680
2022-12-23,12700
2022-12-24,12700
2022-12-25,12700
2022-12-26,12780
2022-12-27,13090
2022-12-28,13180
2022-12-29,13180
2022-12-30,13210
2022-12-31,13210
2023-01-01,13210
2023-01-02,13210
2023-01-03,13130
2023-01-04,13000
2023-01-05,12700
2023-01-06,12580
2023-01-07,12580
2023-01-08,12580
2023-01-09,12330
2023-01-10,12200
2023-01-11,12140
2023-01-12,12120
2023-01-13,11780
2023-01-14,11780
2023-01-15,11780
2023-01-16,11750
2023-01-17,11800
2023-01-18,11870
2023-01-19,11820
2023-01-20,11870
2023-01-21,11870
2023-01-22,11870
2023-01-23,11870
2023-01-24,11870
2023-01-25,11870
2023-01-26,11870
2023-01-27,11870
2023-01-28,11870
2023-01-29,11870
2023-01-30,11280
2023-01-31,11240
2023-02-01,11100
2023-02-02,10950
2023-02-03,10920
2023-02-04,10920
2023-02-05,10920
2023-02-06,10970
2023-02-07,10970
2023-02-08,10920
2023-02-09,10920
2023-02-10,10740
2023-02-11,10740
2023-02-12,10740
2023-02-13,10850
2023-02-14,10880
2023-02-15,10880
2023-02-16,11040
2023-02-17,11040
2023-02-18,11040
2023-02-19,11040
2023-02-20,11000
2023-02-21,10880
2023-02-22,10870
2023-02-23,10890
2023-02-24,10590
2023-02-25,10590
2023-02-26,10590
2023-02-27,10560
2023-02-28,10590
2023-03-01,10600
2023-03-02,10700
2023-03-03,10670
2023-03-04,10670
2023-03-05,10670
2023-03-06,10630
2023-03-07,10490
2023-03-08,10350
2023-03-09,10100
2023-03-10,9750
2023-03-11,9750
2023-03-12,9750
2023-03-13,9690
2023-03-14,9640
2023-03-15,9560
2023-03-16,9300
2023-03-17,9370
2023-03-18,9370
2023-03-19,9370
2023-03-20,9290
2023-03-21,9190
2023-03-22,9040
2023-03-23,8900
2023-03-24,8750
2023-03-25,8750
2023-03-26,8750
2023-03-27,8820
2023-03-28,8970
2023-03-29,8900
2023-03-30,8900
2023-03-31,9140
2023-04-01,9140
2023-04-02,9140
2023-04-03,9150
2023-04-04,9110
2023-04-05,9110
2023-04-06,9190
2023-04-07,9040
2023-04-08,9040
2023-04-09,9040
2023-04-10,8960
2023-04-11,9100
2023-04-12,8970
2023-04-13,8930
2023-04-14,8950
2023-04-15,8950
2023-04-16,8950
2023-04-17,8900
2023-04-18,8940
2023-04-19,9110
2023-04-20,8780
2023-04-21,8720
2023-04-22,8720
2023-04-23,8720
2023-04-24,8720
2023-04-25,8590
2023-04-26,8500
2023-04-27,8410
2023-04-28,8420
2023-04-29,8420
2023-04-30,8420
2023-05-01,8420
2023-05-02,8420
2023-05-03,8420
2023-05-04,8440
2023-05-05,8250
2023-05-06,8250
2023-05-07,8250
2023-05-08,8360
2023-05-09,8400
2023-05-10,8400
2023-05-11,8260
2023-05-12,8170
2023-05-13,8170
2023-05-14,8170
2023-05-15,8230
2023-05-16,8250
2023-05-17,8060
2023-05-18,8010
2023-05-19,8110
2023-05-20,8110
2023-05-21,8110
2023-05-22,7950
2023-05-23,7890
2023-05-24,7910
2023-05-25,7930
2023-05-26,7980
2023-05-27,7980
2023-05-28,7980
2023-05-29,8020
2023-05-30,7920
2023-05-31,7670
2023-06-01,7760
2023-06-02,7880
2023-06-03,7880
2023-06-04,7880
2023-06-05,7920
2023-06-06,7900
2023-06-07,7910
2023-06-08,7810
2023-06-09,8090
2023-06-10,8090
2023-06-11,8090
2023-06-12,8150
2023-06-13,8180
2023-06-14,8320
2023-06-15,8370
2023-06-16,8670
2023-06-17,8670
2023-06-18,8670
2023-06-19,8700
2023-06-20,8810
2023-06-21,8630
2023-06-22,8630
2023-06-23,8630
2023-06-24,8630
2023-06-25,8630
2023-06-26,8660
2023-06-27,8860
2023-06-28,8900
2023-06-29,8810
2023-06-30,8980
2023-07-01,8980
2023-07-02,8980
2023-07-03,9400
2023-07-04,9420
2023-07-05,9300
2023-07-06,9500
2023-07-07,9430
2023-07-08,9430
2023-07-09,9430
2023-07-10,9430
2023-07-11,9730
2023-07-12,9830
2023-07-13,9860
2023-07-14,9910
2023-07-15,9910
2023-07-16,9910
2023-07-17,9790
2023-07-18,9810
2023-07-19,9910
2023-07-20,9970
2023-07-21,10030
2023-07-22,10030
2023-07-23,10030
2023-07-24,9820
2023-07-25,9920
2023-07-26,9940
2023-07-27,9860
2023-07-28,9700
2023-07-29,9700
2023-07-30,9700
2023-07-31,9450
2023-08-01,9440
2023-08-02,9510
2023-08-03,9360
2023-08-04,9390
2023-08-05,9390
2023-08-06,9390
2023-08-07,9410
2023-08-08,9370
2023-08-09,9390
2023-08-10,9280
2023-08-11,9220
2023-08-12,9220
2023-08-13,9220
2023-08-14,9220
2023-08-15,9300
2023-08-16,9290
2023-08-17,9360
2023-08-18,9560
2023-08-19,9560
2023-08-20,9560
2023-08-21,9550
2023-08-22,9500
2023-08-23,9420
2023-08-24,9600
2023-08-25,9660
2023-08-26,9660
2023-08-27,9660
2023-08-28,9640
2023-08-29,9740
2023-08-30,9780
2023-08-31,9740
2023-09-01,9710
2023-09-02,9710
2023-09-03,9710
2023-09-04,9570
2023-09-05,9570
2023-09-06,9490
2023-09-07,9350
2023-09-08,9210
2023-09-09,9210
2023-09-10,9210
2023-09-11,9330
2023-09-12,9210
2023-09-13,9070
2023-09-14,9190
2023-09-15,9290
2023-09-16,9290
2023-09-17,9290
2023-09-18,9140
2023-09-19,9000
2023-09-20,8970
2023-09-21,8830
2023-09-22,8860
2023-09-23,8860
2023-09-24,8860
2023-09-25,8950
2023-09-26,8900
2023-09-27,8870
2023-09-28,9000
2023-09-29,9000
2023-09-30,9000
2023-10-01,9000
2023-10-02,9000
2023-10-03,9000
2023-10-04,9000
2023-10-05,9000
2023-10-06,9000
2023-10-07,9000
2023-10-08,9000
2023-10-09,9000
2023-10-10,8870
2023-10-11,8770
2023-10-12,8920
2023-10-13,9120
2023-10-14,9120
2023-10-15,9120
2023-10-16,9180
2023-10-17,9200
2023-10-18,9160
2023-10-19,9060
2023-10-20,8780
2023-10-21,8780
2023-10-22,8780
2023-10-23,8780
2023-10-24,8560
2023-10-25,8550
2023-10-26,8580
2023-10-27,8600
2023-10-28,8600
2023-10-29,8600
2023-10-30,8630
2023-10-31,8480
2023-11-01,8530
2023-11-02,8610
2023-11-03,8690
2023-11-04,8690
2023-11-05,8690
2023-11-06,8660
2023-11-07,8590
2023-11-08,8640
2023-11-09,8540
2023-11-10,8530
2023-11-11,8530
2023-11-12,8530
2023-11-13,8630
2023-11-14,8800
2023-11-15,8850
2023-11-16,8710
2023-11-17,8540
2023-11-18,8540
2023-11-19,8540
2023-11-20,8630
2023-11-21,8720
2023-11-22,8680
2023-11-23,8560
2023-11-24,8520
2023-11-25,8520
2023-11-26,8520
2023-11-27,8510
2023-11-28,8650
2023-11-29,8660
2023-11-30,8610
2023-12-01,8430
2023-12-02,8430
2023-12-03,8430
2023-12-04,8380
2023-12-05,8340
2023-12-06,8110
2023-12-07,7950
2023-12-08,8110
2023-12-09,8110
2023-12-10,8110
2023-12-11,8260
2023-12-12,8280
2023-12-13,8200
2023-12-14,8140
2023-12-15,8160
2023-12-16,8160
2023-12-17,8160
2023-12-18,8120
2023-12-19,8060
2023-12-20,8040
2023-12-21,8070
2023-12-22,8080
2023-12-23,8080
2023-12-24,8080
2023-12-25,8150
2023-12-26,8160
2023-12-27,8200
2023-12-28,8190
2023-12-29,8110
2023-12-30,8110
2023-12-31,8110
2024-01-01,8110
2024-01-02,7980
2024-01-03,7850
2024-01-04,7890
2024-01-05,7890
2024-01-06,7890
2024-01-07,7890
2024-01-08,7890
2024-01-09,7950
2024-01-10,8050
2024-01-11,8070
2024-01-12,8030
2024-01-13,8030
2024-01-14,8030
2024-01-15,8090
2024-01-16,8120
2024-01-17,8020
2024-01-18,7980
2024-01-19,8100
2024-01-20,8100
2024-01-21,8100
2024-01-22,8020
2024-01-23,8040
2024-01-24,8140
2024-01-25,8090
2024-01-26,7990
2024-01-27,7990
2024-01-28,7990
2024-01-29,7900
2024-01-30,7700
2024-01-31,7630
2024-02-01,7830
2024-02-02,7800
2024-02-03,7800
2024-02-04,7800
2024-02-05,7850
2024-02-06,7830
2024-02-07,7740
2024-02-08,7800
2024-02-09,7800
2024-02-10,7800
2024-02-11,7800
2024-02-12,7800
2024-02-13,7800
2024-02-14,7800
2024-02-15,7800
2024-02-16,7800
2024-02-17,7800
2024-02-18,7800
2024-02-19,7850
2024-02-20,7910
2024-02-21,7900
2024-02-22,7880
2024-02-23,7870
2024-02-24,7870
2024-02-25,7870
2024-02-26,7880
2024-02-27,7900
2024-02-28,7990
2024-02-29,8000
2024-03-01,8050
2024-03-02,8050
2024-03-03,8050
2024-03-04,7980
2024-03-05,7990
2024-03-06,8130
2024-03-07,8140
2024-03-08,8210
2024-03-09,8210
2024-03-10,8210
2024-03-11,8140
2024-03-12,8190
2024-03-13,8160
2024-03-14,8280
2024-03-15,8250
2024-03-16,8250
2024-03-17,8250
2024-03-18,8150
2024-03-19,8140
2024-03-20,8220
2024-03-21,8360
2024-03-22,8500
2024-03-23,8500
2024-03-24,8500
2024-03-25,8440
2024-03-26,8380
2024-03-27,8260
2024-03-28,8210
2024-03-29,8260
2024-03-30,8260
2024-03-31,8260
2024-04-01,8170
2024-04-02,8290
2024-04-03,8340
2024-04-04,8340
2024-04-05,8340
2024-04-06,8340
2024-04-07,8340
2024-04-08,8350
2024-04-09,8340
2024-04-10,8460
2024-04-11,8330
2024-04-12,8230
2024-04-13,8230
2024-04-14,8230
2024-04-15,8230
2024-04-16,8200
2024-04-17,8070
2024-04-18,8040
2024-04-19,8060
2024-04-20,8060
2024-04-21,8060
2024-04-22,8080
2024-04-23,8440
2024-04-24,8530
2024-04-25,8340
2024-04-26,8400
2024-04-27,8400
2024-04-28,8400
2024-04-29,8420
2024-04-30,8390
2024-05-01,8390
2024-05-02,8390
2024-05-03,8390
2024-05-04,8390
2024-05-05,8390
2024-05-06,8610
2024-05-07,8760
2024-05-08,8810
2024-05-09,8750
2024-05-10,8650
2024-05-11,8650
2024-05-12,8650
2024-05-13,8810
2024-05-14,8930
2024-05-15,8830
2024-05-16,8770
2024-05-17,8840
2024-05-18,8840
2024-05-19,8840
2024-05-20,8770
2024-05-21,8890
2024-05-22,8890
2024-05-23,8920
2024-05-24,8960
2024-05-25,8960
2024-05-26,8960
2024-05-27,8870
2024-05-28,8990
2024-05-29,9090
2024-05-30,8970
2024-05-31,8900
2024-06-01,8900
2024-06-02,8900
2024-06-03,8720
2024-06-04,8640
2024-06-05,8630
2024-06-06,8630
2024-06-07,8690
2024-06-08,8690
2024-06-09,8690
2024-06-10,8690
2024-06-11,8620
2024-06-12,8660
2024-06-13,8480
2024-06-14,8430
2024-06-15,8430
2024-06-16,8430
2024-06-17,8260
2024-06-18,8230
2024-06-19,8450
2024-06-20,8510
2024-06-21,8380
2024-06-22,8380
2024-06-23,8380
2024-06-24,8440
2024-06-25,8320
2024-06-26,8330
2024-06-27,8330
2024-06-28,8420
2024-06-29,8420
2024-06-30,8420
2024-07-01,8550
2024-07-02,8710
2024-07-03,8670
2024-07-04,8750
2024-07-05,8740
2024-07-06,8740
2024-07-07,8740
2024-07-08,8730
2024-07-09,8590
2024-07-10,8280
2024-07-11,8340
2024-07-12,8460
2024-07-13,8460
2024-07-14,8460
2024-07-15,8430
2024-07-16,8410
2024-07-17,8460
2024-07-18,8540
2024-07-19,8560
2024-07-20,8560
2024-07-21,8560
2024-07-22,8750
2024-07-23,8810
2024-07-24,8850
2024-07-25,8820
2024-07-26,8960
2024-07-27,8960
2024-07-28,8960
2024-07-29,8820
2024-07-30,8650
2024-07-31,8440
2024-08-01,8570
2024-08-02,8520
2024-08-03,8520
2024-08-04,8520
2024-08-05,8430
2024-08-06,8080
2024-08-07,8040
2024-08-08,8130
2024-08-09,8220
2024-08-10,8220
2024-08-11,8220
2024-08-12,8200
2024-08-13,8050
2024-08-14,8000
2024-08-15,7990
2024-08-16,8030
2024-08-17,8030
2024-08-18,8030
2024-08-19,8040
2024-08-20,8030
2024-08-21,8080
2024-08-22,8180
2024-08-23,8180
2024-08-24,8180
2024-08-25,8180
2024-08-26,8240
2024-08-27,8330
2024-08-28,8330
2024-08-29,8280
2024-08-30,8460
2024-08-31,8460
2024-09-01,8460
2024-09-02,8310
2024-09-03,8660
2024-09-04,8740
2024-09-05,8820
2024-09-06,8790
2024-09-07,8790
2024-09-08,8790
2024-09-09,8640
2024-09-10,8620
2024-09-11,8700
2024-09-12,8720
2024-09-13,8810
2024-09-14,8810
2024-09-15,8810
2024-09-16,8810
2024-09-17,8810
2024-09-18,9160
2024-09-19,9180
2024-09-20,9200
2024-09-21,9200
2024-09-22,9200
2024-09-23,9240
2024-09-24,9220
2024-09-25,9310
2024-09-26,9430
2024-09-27,9540
2024-09-28,9540
2024-09-29,9540
2024-09-30,9460
2024-10-01,9460
2024-10-02,9460
2024-10-03,9460
2024-10-04,9460
2024-10-05,9460
2024-10-06,9460
2024-10-07,9460
2024-10-08,9590
2024-10-09,9650
2024-10-10,9820
2024-10-11,9650
2024-10-12,9650
2024-10-13,9650
2024-10-14,9530
2024-10-15,9510
2024-10-16,9640
2024-10-17,9610
2024-10-18,9590
2024-10-19,9590
2024-10-20,9590
2024-10-21,9320
2024-10-22,9390
2024-10-23,9630
2024-10-24,9680
2024-10-25,9800
2024-10-26,9800
2024-10-27,9800
2024-10-28,9670
2024-10-29,9560
2024-10-30,9450
2024-10-31,9430
2024-11-01,9760
2024-11-02,9760
2024-11-03,9760
2024-11-04,9720
2024-11-05,9640
2024-11-06,9540
2024-11-07,9550
2024-11-08,9830
2024-11-09,9830
2024-11-10,9830
2024-11-11,9950
2024-11-12,9660
2024-11-13,9380
2024-11-14,9340
2024-11-15,9270
2024-11-16,9270
2024-11-17,9270
2024-11-18,9340
2024-11-19,9500
2024-11-20,9410
2024-11-21,9270
2024-11-22,9090
2024-11-23,9090
2024-11-24,9090
2024-11-25,9120
2024-11-26,8960
2024-11-27,8920
2024-11-28,8870
2024-11-29,9020
2024-11-30,9020
2024-12-01,9020
2024-12-02,8970
2024-12-03,8980
2024-12-04,8790
2024-12-05,8780
2024-12-06,8820
2024-12-07,8820
2024-12-08,8820
2024-12-09,8910
2024-12-10,8930
2024-12-11,9140
2024-12-12,9150
2024-12-13,8980
2024-12-14,8980
2024-12-15,8980
2024-12-16,9150
2024-12-17,9110
2024-12-18,8860
2024-12-19,8710
2024-12-20,8780
2024-12-21,8780
2024-12-22,8780
2024-12-23,8970
2024-12-24,8980
2024-12-25,8990
2024-12-26,8940
2024-12-27,9100
2024-12-28,9100
2024-12-29,9100
2024-12-30,9080
2024-12-31,9140
2025-01-01,9140
2025-01-02,9300
2025-01-03,8950
2025-01-04,8950
2025-01-05,8950
2025-01-06,8800
2025-01-07,8700
2025-01-08,8640
2025-01-09,8700
2025-01-10,8820
2025-01-11,8820
2025-01-12,8820
2025-01-13,9000
2025-01-14,9010
2025-01-15,9000
2025-01-16,8640
2025-01-17,8440
2025-01-18,8440
2025-01-19,8440
2025-01-20,8560
2025-01-21,8600
2025-01-22,8580
2025-01-23,8520
2025-01-24,8500
2025-01-25,8500
2025-01-26,8500
2025-01-27,8520
2025-01-28,8520
2025-01-29,8520
2025-01-30,8520
2025-01-31,8520
2025-02-01,8520
2025-02-02,8520
2025-02-03,8520
2025-02-04,8520
2025-02-05,8730
2025-02-06,8800
2025-02-07,8840
2025-02-08,8840
2025-02-09,8840
2025-02-10,8790
2025-02-11,8770
2025-02-12,8830
2025-02-13,8740
2025-02-14,8810
2025-02-15,8810
2025-02-16,8810
2025-02-17,8680
2025-02-18,8680
2025-02-19,8720
2025-02-20,8800
2025-02-21,8840
2025-02-22,8840
2025-02-23,8840
2025-02-24,8830
2025-02-25,8820
2025-02-26,8700
2025-02-27,8870
2025-02-28,8820
2025-03-01,8820
2025-03-02,8820
2025-03-03,8840
2025-03-04,8770
2025-03-05,8720
2025-03-06,8700
2025-03-07,8730
2025-03-08,8730
2025-03-09,8730
2025-03-10,9180
2025-03-11,9030
2025-03-12,9140
2025-03-13,9100
2025-03-14,9130
2025-03-15,9130
2025-03-16,9130
2025-03-17,9170
2025-03-18,9200
2025-03-19,9180
2025-03-20,9200
2025-03-21,9230
2025-03-22,9230
2025-03-23,9230
2025-03-24,9110
2025-03-25,9140
2025-03-26,9170
2025-03-27,9230
2025-03-28,9300
2025-03-29,9300
2025-03-30,9300
2025-03-31,9350
2025-04-01,9370
2025-04-02,9540
2025-04-03,9560
2025-04-04,9560
2025-04-05,9560
2025-04-06,9560
2025-04-07,9390
2025-04-08,9440
2025-04-09,9290
2025-04-10,9340
2025-04-11,9350
2025-04-12,9350
2025-04-13,9350
2025-04-14,9430
2025-04-15,9350
2025-04-16,9420
2025-04-17,9470
2025-04-18,9330
2025-04-19,9330
2025-04-20,9330
2025-04-21,9340
2025-04-22,9420
2025-04-23,9420
2025-04-24,9460
2025-04-25,9600
2025-04-26,9600
2025-04-27,9600
2025-04-28,9400
2025-04-29,9430
2025-04-30,9350
2025-05-01,9350
2025-05-02,9350
2025-05-03,9350
2025-05-04,9350
2025-05-05,9350
2025-05-06,9400
2025-05-07,9500
2025-05-08,9550
2025-05-09,9500
2025-05-10,9500
2025-05-11,9500
2025-05-12,9400
2025-05-13,9400
2025-05-14,9460
2025-05-15,9330
2025-05-16,9320
2025-05-17,9320
2025-05-18,9320
2025-05-19,9470
2025-05-20,9580
2025-05-21,9630
2025-05-22,9600
2025-05-23,9590
2025-05-24,9590
2025-05-25,9590
2025-05-26,9560
2025-05-27,9600
2025-05-28,9590
2025-05-29,9600
2025-05-30,9560
2025-05-31,9560
2025-06-01,9560
2025-06-02,9560
2025-06-03,9450
2025-06-04,9300
2025-06-05,9320
2025-06-06,9260
2025-06-07,9260
2025-06-08,9260
2025-06-09,9360
2025-06-10,9380
2025-06-11,9330
2025-06-12,9350
2025-06-13,9530
2025-06-14,9530
2025-06-15,9530
2025-06-16,9690
2025-06-17,9780
2025-06-18,9910
2025-06-19,9900
2025-06-20,9900
2025-06-21,9900
2025-06-22,9900
2025-06-23,9870
2025-06-24,9710
2025-06-25,9640
2025-06-26,9620
2025-06-27,9600
2025-06-28,9600
2025-06-29,9600
2025-06-30,9560
2025-07-01,9630
2025-07-02,9710
2025-07-03,9760
2025-07-04,9740
2025-07-05,9740
2025-07-06,9740
2025-07-07,9670
2025-07-08,9660
2025-07-09,9700
2025-07-10,9600
2025-07-11,9580
2025-07-12,9580
2025-07-13,9580
2025-07-14,9550
2025-07-15,9530
2025-07-16,9600
2025-07-17,9570
2025-07-18,9670
2025-07-19,9670
2025-07-20,9670
2025-07-21,9690
2025-07-22,9600
2025-07-23,9580
2025-07-24,9540
2025-07-25,9540
2025-07-26,9540
2025-07-27,9540
2025-07-28,9490
2025-07-29,9560
2025-07-30,9690
2025-07-31,9600
2025-08-01,9590
2025-08-02,9590
2025-08-03,9590
2025-08-04,9580
2025-08-05,9700
2025-08-06,9700
2025-08-07,9580
2025-08-08,9700
2025-08-09,9700
2025-08-10,9700
2025-08-11,9660
2025-08-12,9830
2025-08-13,10200
2025-08-14,9940
2025-08-15,9870
2025-08-16,9870
2025-08-17,9870
2025-08-18,9990
2025-08-19,10040
2025-08-20,9950
2025-08-21,9910
2025-08-22,10010
2025-08-23,10010
2025-08-24,10010
2025-08-25,10010
2025-08-26,10030
2025-08-27,9970
2025-08-28,9880
2025-08-29,9870
2025-08-30,9870
2025-08-31,9870
2025-09-01,9900
2025-09-02,9900
2025-09-03,9860
2025-09-04,9900
2025-09-05,9960
2025-09-06,9960
2025-09-07,9960
2025-09-08,10030
2025-09-09,10050
2025-09-10,10030
2025-09-11,10050
2025-09-12,10130
2025-09-13,10130
2025-09-14,10130
2025-09-15,10090
2025-09-16,10220
2025-09-17,10250
2025-09-18,10210
2025-09-19,10320
2025-09-20,10320
2025-09-21,10320
2025-09-22,10370
2025-09-23,10180
2025-09-24,10120
2025-09-25,10330
2025-09-26,10400
2025-09-27,10400
2025-09-28,10400
2025-09-29,10340
2025-09-30,10260
2025-10-01,10260
2025-10-02,10260
2025-10-03,10260
2025-10-04,10260
2025-10-05,10260
2025-10-06,10260
2025-10-07,10260
2025-10-08,10260
2025-10-09,10480
2025-10-10,10370
2025-10-11,10370
2025-10-12,10370
2025-10-13,10270
2025-10-14,10260
2025-10-15,10280
2025-10-16,10230
2025-10-17,10160
2025-10-18,10160
2025-10-19,10160
2025-10-20,10230
2025-10-21,10210
2025-10-22,10160
2025-10-23,10060
2025-10-24,10090
2025-10-25,10090
2025-10-26,10090
2025-10-27,10100
2025-10-28,10070
2025-10-29,9890
2025-10-30,9900
2025-10-31,9780
2025-11-01,9780
2025-11-02,9780
2025-11-03,9850
2025-11-04,9810
2025-11-05,9780
2025-11-06,9850
2025-11-07,9850
2025-11-08,9850
2025-11-09,9850
2025-11-10,9890
2025-11-11,10120
2025-11-12,10180
2025-11-13,10300
2025-11-14,10290
2025-11-15,10290
2025-11-16,10290
2025-11-17,10230
2025-11-18,10280
2025-11-19,10180
2025-11-20,10100
2025-11-21,10160
2025-11-22,10160
2025-11-23,10160
2025-11-24,10160
2025-11-25,10160
2025-11-26,10100
2025-11-27,10070
2025-11-28,10070
2025-11-29,10070
2025-11-30,10070
2025-12-01,10060
2025-12-02,10020
2025-12-03,10000
2025-12-04,9890
2025-12-05,9870
2025-12-06,9870
2025-12-07,9870
2025-12-08,9760
2025-12-09,9630
2025-12-10,9680
2025-12-11,9890
2025-12-12,9890
2025-12-13,9890
2025-12-14,9890
2025-12-15,9750
2025-12-16,9540
2025-12-17,9470
2025-12-18,9420
2025-12-19,9230
2025-12-20,9230
2025-12-21,9230
2025-12-22,9260
2025-12-23,9420
2025-12-24,9550
2025-12-25,9640
2025-12-26,9690
2025-12-27,9690
2025-12-28,9690
2025-12-29,9750
2025-12-30,9820
2025-12-31,9810
2026-01-01,9810
2026-01-02,9810
2026-01-03,9810
2026-01-04,9810
2026-01-05,9780
2026-01-06,9870
2026-01-07,9870
2026-01-08,9670
2026-01-09,9770
2026-01-10,9770
2026-01-11,9770
2026-01-12,9720
2026-01-13,9780
2026-01-14,9790
2026-01-15,9670
2026-01-16,9950
2026-01-17,9950
2026-01-18,9950
2026-01-19,9780
2026-01-20,9810
2026-01-21,9770
2026-01-22,9840
2026-01-23,9810
2026-01-24,9810
2026-01-25,9810
2026-01-26,9990
2026-01-27,10130
2026-01-28,10160
2026-01-29,10240
2026-01-30,10150
2026-01-31,10150
2026-02-01,10150
2026-02-02,9910
2026-02-03,9890
2026-02-04,10010
2026-02-05,9870
2026-02-06,9920
2026-02-07,9920
2026-02-08,9920
2026-02-09,9900
2026-02-10,9870
2026-02-11,9880
2026-02-12,9860
2026-02-13,9770
2026-02-14,9770
2026-02-15,9770
2026-02-16,9770
2026-02-17,9770
2026-02-18,9770
2026-02-19,9770
2026-02-20,9770
2026-02-21,9770
2026-02-22,9770
2026-02-23,9770
2026-02-24,9980
2026-02-25,9950
2026-02-26,9840
2026-02-27,9820
2026-02-28,9820
2026-03-01,9820
2026-03-02,9970
2026-03-03,10040
2026-03-04,10050
2026-03-05,10110
2026-03-06,10290
2026-03-07,10290
2026-03-08,10290
2026-03-09,10770
2026-03-10,10350
2026-03-11,10350
2026-03-12,10470
2026-03-13,10540
2026-03-14,10540
2026-03-15,10540
2026-03-16,10530
2026-03-17,10340
2026-03-18,10280
2026-03-19,10410
2026-03-20,10430
2026-03-21,10430
2026-03-22,10430
2026-03-23,10500
2026-03-24,10380
2026-03-25,10220
2026-03-26,10350
2026-03-27,10380
2026-03-28,10380
2026-03-29,10380
2026-03-30,10320
2026-03-31,10400
2026-04-01,10410
2026-04-02,10390
2026-04-03,10310
2026-04-04,10310
2026-04-05,10310
2026-04-06,10310
2026-04-07,10290
2026-04-08,10040
2026-04-09,10000
2026-04-10,10070
2026-04-11,10070
2026-04-12,10070
2026-04-13,10050
2026-04-14,9980
2026-04-15,10000
2026-04-16,9980
2026-04-17,10060
2026-04-18,10060
2026-04-19,10060
2026-04-20,10050
2026-04-21,10120
2026-04-22,10260
2026-04-23,10230
2026-04-24,10270
2026-04-25,10270
2026-04-26,10270
2026-04-27,10200
2026-04-28,10210
2026-04-29,10330
2026-04-30,10480
2026-05-01,10480
2026-05-02,10480
2026-05-03,10480
2026-05-04,10480
2026-05-05,10480
2026-05-06,10510
2026-05-07,10440
2026-05-08,10350
2026-05-09,10350
2026-05-10,10350
2026-05-11,10340
2026-05-12,10210
2026-05-13,10170
2026-05-14,10170
2026-05-15,10030
2026-05-16,10030
2026-05-17,10030
2026-05-18,10020
2026-05-19,10100
2026-05-20,10280
2026-05-21,10200
2026-05-22,10130
2026-05-23,10130
2026-05-24,10130
2026-05-25,10070
2026-05-26,10110
2026-05-27,10120
2026-05-28,10190
2026-05-29,10330
2026-05-30,10330
2026-05-31,10330
2026-06-01,10370
2026-06-02,10380
2026-06-03,10600
2026-06-04,10710
2026-06-05,10480
2026-06-06,10480
2026-06-07,10480
2026-06-08,10420
2026-06-09,10330
2026-06-10,10300
2026-06-11,10340
2026-06-12,10340
